sku_id,attribute,title,evidence,proposed_value,proposed_status,agreement,alternatives,corrected_value,corrected_status,note
shopify:www.thursdayboots.com:7593564405850,colour_primary,Cobbler's Choice Premium Dauber Brush | Tan,Product Features Applies Leather Creams and Polishes Premium Horsehair Bristles Solid Grooved Wood Handle Handcrafted with Integrity Shipping Info Domestic shipping: 2-6 business days International shipping available Expedited shipping opti,beige,labeled,1.00,brown,,,
shopify:fahertybrand.com:8021113274437,silhouette,Sophia Smocked Dress - Coastal Bloom,"Designed with an easy, flattering shape, this sleeveless dress features a fully smocked bodice with a soft scoop neckline and a gently flared skirt. Made from a smooth, lightweight fabric that moves naturally, it feels comfortable and breat",flare,labeled,0.60,fit_and_flare,,,
shopify:fahertybrand.com:7055925805125,details,"Belt Loop All Day Shorts (9"") - Ice Grey","You know them, you love them, our All Day™ Shorts look perfectly tailored with a flat front style and have the water repellant technical performance of swimwear for increased movement and breathability. Each pair is crafted in our premium e",none,labeled,0.60,lined,,,
shopify:www.rothys.com:6819502194782,garment_category,The Crossbody Strap - Spruce Camo,"The Crossbody Strap in Spruce Camo Durably knit design in a navy, olive and dark green camo pattern. Two end snap hooks make it easy to clip onto several styles, of which you will find plenty in The Bag Bar. Sturdy sliding buckle allows you",bag,labeled,1.00,other,,,
shopify:www.outdoorvoices.com:7769243320398,pattern,Sunny Sweatpant,Wide leg sweatpant in Strobe Fleece; a structured and ultra soft cotton fleece. The sweatpant features a technical nylon waistband for a clean and comfortable waistband that doesn’t add bulk with a bungee cord and toggle for an adjustable f,graphic,labeled,0.80,abstract,,,
shopify:www.everlane.com:7855403958358,details,Cowl Neck Mini Dress | Black,"This double-layer mini dress has a soft, draped neckline that falls into a shallow cowl at the front and a deeper cowl at the back. Slim through the hips before flowing straight, it keeps the silhouette clean while letting the drape do the ",lined,labeled,0.80,none,,,
shopify:www.thursdayboots.com:7539260391514,details,Captain | Mocha,Product Features Mocha WeatherSafe™ Suede Goodyear Welt Construction for Longevity Fully Lined Supple Glove Leather Interior Premium Flat Waxed Cotton Laces Custom Developed Reinforced Eyelets Poron® Antimicrobial Shock Absorbing Insoles Co,lined|studded,labeled,1.00,lined,,,
shopify:www.taylorstitch.com:7355710931021,garment_category,The Button Down Polo in Cilantro Herringbone,The Button Down Polo in Cilantro Herringbone from Taylor Stitch 100% organic cotton. 14 gauge yarns. Herringbone knit construction on the body and sleeves. Flat rib knit collar. 1x1 rib on sleeve and bottom opening. Straight hem. Hand wash ,shirt_blouse,labeled,0.60,top,,,
shopify:fahertybrand.com:6900366082117,closure,"Belt Loop All Day Shorts (7"") - Turquoise Sky","You know them, you love them, our All Day™ Shorts look perfectly tailored with a flat front style and have the water repellant technical performance of swimwear for increased movement and breathability. Each pair is crafted in our premium e",zip,labeled,0.80,fly,,,
shopify:www.everlane.com:7784911372374,sleeve_style,Cinched Dress in Stretch Linen | Estate Blue,"A midi dress with a V-neckline and soft, dolman flutter sleeves, it features gathered detailing at the waist to create shape. Made from our stretch linen fabric, it balances structure and movement. Easy to wear with flat sandals for day or ",dolman,labeled,1.00,flutter,,,
shopify:www.taylorstitch.com:7579181809741,garment_category,The Button Down Polo in Desert Herringbone,The Button Down Polo in Desert Herringbone from Taylor Stitch 100% organic cotton. 14 gauge yarns. Herringbone knit construction on the body and sleeves. Flat rib knit collar. 1x1 rib on sleeve and bottom opening. Straight hem. Hand wash co,shirt_blouse,labeled,1.00,top,,,
shopify:fahertybrand.com:8133911969861,colour_primary,Jalen Brunson High Standard Fleece Hoodie - Antique Ivory Heather,"e teamed up with Jalen Brunson on a small collection of everyday styles built around one idea: show up, do the work, repeat. Classic Faherty craftsmanship and Jalen's off-court style come together in relaxed fits and quality materials that ",white,labeled,0.60,beige,,,
shopify:www.thursdayboots.com:7332008624218,colour_primary,Everyday Tote | Cuero (M) (Gold),Product Features Cuero Full-Grain Leather Internal Pocket For Easy Storage Convenient Phone Compartment For Quick Access Double Leather Handles For Durability Long-Lasting Rivets With Gold Finish Handcrafted With Integrity Shipping Info Fre,metallic,labeled,0.40,brown,,,
shopify:www.untuckit.com:7853284458574,occasion,Stretch Cotton Hybrid Pants,"Want that weekend feel all week long? Our newest pants are have a polished, plain front with an elastic waist in the back for all-day comfort, plus an interior drawstring that lets you fine-tune the fit. They're the ultimate everyday trouse",work,labeled,0.60,casual,,,
shopify:www.rothys.com:6819497214046,garment_category,The Crossbody Strap - Desert Cat,"The Crossbody Strap in Desert Cat Durably knit design in a cream and black leopard print. Two end snap hooks make it easy to clip onto several styles, of which you will find plenty in The Bag Bar. Sturdy sliding buckle allows you to adjust ",bag,labeled,0.80,other,,,
shopify:fahertybrand.com:8021061730373,garment_category,Sunwashed Regenerative Tee - Blue Ravine Tie Dye,"Inspired by vintage T-shirts, this relaxed tee is made from a lightweight slub jersey that feels soft and breathable. Crafted from 100% regenerative organic cotton, each piece has subtle texture and natural variation that gives it a worn-in",shirt_blouse,labeled,0.60,top,,,
shopify:www.thursdayboots.com:6869689598042,details,[S] Captain | Black Matte,Product Features Black Matte Rugged & Resilient Leather Goodyear Welt Construction for Longevity Fully Lined Supple Glove Leather Interior Hardwearing Steel Shanks Poron® Antimicrobial Shock Absorbing Insoles Long-Lasting Kevlar® Blend Lace,lined|studded,labeled,1.00,lined,,,
shopify:www.everlane.com:7784911405142,sleeve_style,Cinched Dress in Stretch Linen | Bone,"A midi dress with a V-neckline and soft, dolman flutter sleeves, it features gathered detailing at the waist to create shape. Made from our stretch linen fabric, it balances structure and movement. Easy to wear with flat sandals for day or ",dolman,labeled,1.00,flutter,,,
shopify:fahertybrand.com:7492251582533,material,Denim Michelle Short-Sleeve Jumpsuit - Cloudlight Wash,"Jumpsuits are always a favorite, and our newest utility-inspired silhouette is no exception. Designed with short sleeves, a button-front closure, and plenty of pockets, this piece blends vintage vibes with modern functionality. Crafted from",cotton,labeled,0.80,denim,,,
shopify:www.taylorstitch.com:6865636294733,occasion,The Workhorse Jacket in Coal Chipped Canvas,The Workhorse Jacket in Coal Chipped Canvas from Taylor Stitch 12.5-oz. 100% organic cotton canvas. Custom developed for Taylor Stitch. 8.5-oz. 100% organic cotton corduroy on collar and inside cuffs. 7-oz. 100% organic cotton brushed pocke,work,labeled,1.00,casual,,,
shopify:www.everlane.com:7859754434646,sleeve_style,Cinched Dress in Stretch Linen | Henna Red,"A midi dress with a V-neckline and soft, dolman flutter sleeves, it features gathered detailing at the waist to create shape. Made from our stretch linen fabric, it balances structure and movement. Easy to wear with flat sandals for day or ",dolman,labeled,0.80,flutter,,,
shopify:www.everlane.com:7841452032086,details,Lace Knit Maxi Sweater Dress | Henna Red,"Your most dressy summer vacation dress or the perfect option for wedding season, this V-neck maxi dress features an intricate lace knit pattern across the full silhouette. A seam above the knee shifts the stitch, creating a subtle flare thr",none,labeled,0.80,lined,,,
shopify:www.everlane.com:7793247748182,colour_primary,Forever Jersey Cropped Tee | Burnished Lilac,"Cut from regenerative cotton with a cropped length that hits just right. Oversized through the body with dropped shoulders and a relaxed crew neckline. Medium weight with a soft, lived-in feel from the first wear. Pair it with high-waisted ",purple,labeled,0.60,pink,,,
shopify:www.everlane.com:7827412713558,material,Cowl Neck Twist Tank in Butterluxe | Black,"This tank features a draped cowl neckline created by a twisted shoulder detail. The slim fit keeps the silhouette clean, while the soft knit adds just enough structure to hold the shape. It’s an easy piece to dress up for summer evenings—ju",knit,labeled,0.60,synthetic,,,
shopify:www.american-giant.com:8226070954165,garment_category,Men's Broken-In Premium Slub Henley - Washed Dark Charcoal,Premium Slub Henley T,shirt_blouse,labeled,1.00,top,,,
shopify:www.taylorstitch.com:7454613602381,colour_primary,The Eastmoor Sweater in Navy Fair Isle Wool,The Eastmoor Sweater in Navy Fair Isle Wool from Taylor Stitch 100% Responsible Wool Standard (RWS) wool. 5 gauge yarns. Jersey construction. Single layer 2x2 rib at cuffs and bottom opening. Double layer 2x2 rib at neck opening. Hand wash ,blue,labeled,0.60,navy,,,
shopify:www.everlane.com:7825077862486,colour_primary,Open-Knit Tunic Vest in Elevated Cotton | Peyote,"A tunic-style vest that leans more warm-weather layer than sweater. With a wide boat neckline and sleeveless silhouette, it offers subtle shoulder coverage. Hitting below the hip, it creates an easy, relaxed line through the body. Made with",white,labeled,1.00,beige,,,
shopify:www.tentree.com:8143553757370,garment_category,Blocked Banshee Hoodie,"This relaxed fit, cowl neck hoodie will keep you cozy wherever, whether that's on the top of a mountain or in front of a fireplace. Made from a thoughtful blend of organic cotton, recycled polyester, and TENCEL.",sweater,labeled,0.80,top,,,
shopify:www.thursdayboots.com:7593561751642,colour_primary,Cobbler's Choice Premium Welt Brush | Tan,Product Features Brushes Away Hard to Reach Dirt and Dust Around the Welt of the Boot Premium Horsehair Bristles Solid Grooved Wood Handle Handcrafted with Integrity Shipping Info Domestic shipping: 2-6 business days International shipping ,beige,labeled,1.00,brown,,,
shopify:www.taylorstitch.com:7115853234253,colour_primary,The Cascade Shawl Cardigan in Heather Marine,"The Cascade Shawl Cardigan in Heather Marine from Taylor Stitch 100% RWS merino wool. 1.5 gauge yarns. Cable knit construction. 2x2 rib featured on shawl collar, placket, cuffs, pocket, and bottom opening. Shawl collar. Raglan sleeve. Two l",navy,labeled,0.80,blue,,,
shopify:www.everlane.com:7827422478422,material,Halter Tank | White,"Fully lined and made from a substantial knit, this top is comfortable enough to wear without a bra. Sleek, modern, and confidence-boosting.",synthetic,labeled,0.40,knit,,,
shopify:www.everlane.com:7810433941590,colour_primary,Notch Collar Shirt in Silk Georgette | Gardenia/Black Micro Dot,"Meet your new go-to short-sleeve shirt. With its V-neckline and notch collar, it has gentle gathers at the cuffs and is finished with picot-edge embroidery. Made with a lightweight silk georgette with a crepey feel and fluid drape, for easy",multicolour,labeled,1.00,black,,,
shopify:fahertybrand.com:7876140564549,details,Coastal Poplin Bondhi Dress - Black,"Crafted from organic cotton, this coastal poplin is tightly woven to hold rich, saturated color while maintaining a lightweight feel, holding its shape without stiffness and washed for a soft, lived-in finish. Designed with a softly shirred",pleated|washed|cutout,labeled,0.40,pleated|washed,,,
shopify:www.everlane.com:7855407923286,material,Halter Tank | Everglade,"Fully lined and made from a substantial knit, this top is comfortable enough to wear without a bra. Sleek, modern, and confidence-boosting.",knit,labeled,0.80,synthetic,,,
shopify:fahertybrand.com:8021115994181,occasion,Faherty x Quiksilver Fleece Zip Hoodie - Abyss Navy,"Part of our collaboration with Quiksilver, this zip hoodie is made from soft organic cotton fleece with vintage-inspired details throughout. Garment-dyed for rich color that softens over time, it’s finished with a full-zip front, double-lay",lounge,labeled,1.00,casual,,,
shopify:fahertybrand.com:8021115928645,garment_category,Faherty x Quiksilver Heavy Wash Tee - Teal Tropics,"Part of our collaboration with Quiksilver, this oversized, relaxed tee is made from a soft blend of organic and recycled cotton with a broken-in feel from the first wear. Garment-dyed for a vintage, sun-faded look that softens over time, it",shirt_blouse,labeled,0.80,top,,,
shopify:www.everlane.com:7855404318806,occasion,Luxe Rib V-Neck Henley | Heathered Light Grey,"A henley with a little extra. It features elbow-length sleeves, a clean V neckline, and a slim, easy fit. Non-functional buttons run along the neckline trim, with only the center front buttons designed to open—adding detail without changing",beach,labeled,0.60,casual,,,
shopify:fahertybrand.com:8021116059717,garment_category,Faherty x Quiksilver Heavy Wash Tee - White,"Part of our collaboration with Quiksilver, this oversized, relaxed tee is made from a soft blend of organic and recycled cotton with a broken-in feel from the first wear. Garment-dyed for a vintage, sun-faded look that softens over time, it",shirt_blouse,labeled,0.60,top,,,
shopify:www.thursdayboots.com:7332008296538,details,Everyday Tote | Cuero (S) (Gold),Product Features Cuero Full-Grain Leather Internal Pocket For Easy Storage Convenient Phone Compartment For Quick Access Double Leather Handles For Durability Long-Lasting Rivets With Gold Finish Handcrafted With Integrity Shipping Info Fre,studded,labeled,0.40,none,,,
shopify:www.taylorstitch.com:7307482300493,details,The Davis Shirt in Vintage White Fractal,"The Davis Shirt in Vintage White Fractal from Taylor Stitch Made in collaboration with Teresa Misagal of Dailola. 3.5-oz. 70% organic cotton, 30% linen. Custom print designed from Dailola artwork. Washed for a soft, lived-in feel. Camp coll",washed,labeled,1.00,washed|slit,,,
shopify:www.thursdayboots.com:7442149146714,details,[S] Cadet | Mocha,Product Features Mocha WeatherSafe™ Suede Goodyear Welt Construction for Longevity Fully Lined Supple Glove Leather Interior Premium Flat Waxed Cotton Laces Custom Developed Reinforced Eyelets Comfortable Shock Absorbing Insoles Cork-Bed Mi,lined|studded,labeled,1.00,lined,,,
shopify:www.taylorstitch.com:7579184529485,details,The Davis Shirt in Driftwood Eyelet,"The Davis Shirt in Driftwood Eyelet from Taylor Stitch 3.5-oz. 100% organic cotton embroidered eyelet. Washed for a soft, lived-in feel. Camp collar (no collar stand) meant to be worn open. Flat hem with vents at side seams. Double-needle f",washed|embroidered,labeled,1.00,embroidered|slit|washed,,,
shopify:fahertybrand.com:7552632389701,details,Eden Dress - Belmonte Floral,"Feminine and free-spirited, this floral dress is a wardrobe dream for sunny days and special outings. Made from soft, lightweight viscose, it features a flattering V-neck at the front and back, accented with delicate drawcord ties and playf",tiered|gathered,labeled,1.00,tiered,,,
shopify:www.everlane.com:7855407956054,material,Halter Tank | Passion Fruit,"Fully lined and made from a substantial knit, this top is comfortable enough to wear without a bra. Sleek, modern, and confidence-boosting.",knit,labeled,0.60,synthetic,,,
shopify:fahertybrand.com:6900366016581,details,"Belt Loop All Day Shorts (9"") - Turquoise Sky","You know them, you love them, our All Day™ Shorts look perfectly tailored with a flat front style and have the water repellent technical performance of swimwear for increased movement and breathability. Each pair is crafted in our premium e",none,labeled,0.60,lined,,,
shopify:www.everlane.com:7859024363606,details,Gauze Smocked Dress | Black,"This knee-length dress features any easy trapeze silhouette with smocked ruffle detailing for texture. Adjustable straps allow for a more personalized fit, while on-seam pockets add to its casual vibe. Made with our breezy, breathable organ",gathered,labeled,0.80,none,,,
shopify:fahertybrand.com:7552626360389,pattern,Surf Ghana High Standard Fleece Hoodie - Silver Ash Heather,"We set out to perfect the hoodie—super soft, just the right weight, and inspired by vintage athletic wear. Made from a durable blend of Pima and organic cotton, it’s built for comfort whether you’re lounging, layering, or on the move. Featu",graphic,labeled,1.00,solid,,,
shopify:www.thursdayboots.com:7015663042650,details,[S] President | Saddlewood,Product Features Saddlewood Rugged & Resilient Leather Goodyear Welt Construction for Longevity Fully Lined Supple Glove Leather Interior Hardwearing Metal Shanks Poron® Antimicrobial Shock Absorbing Insoles Long-Lasting Kevlar® Blend Laces,lined|studded,labeled,1.00,lined,,,
shopify:fahertybrand.com:8021099315269,occasion,Reserve Knit Blazer - Sand Shell Melange,"Tailored like a classic blazer but made from a soft, breathable knit blend, this style has structure with a more comfortable, flexible feel. Finished with a two-button front, patch pockets, and real horn buttons, it’s an easy way to look pu",work,labeled,0.40,casual,,,
shopify:www.taylorstitch.com:7579199668301,garment_category,The Button Down Polo in Gulf Stream Herringbone,The Button Down Polo in Gulf Stream Herringbone from Taylor Stitch 100% organic cotton. 14 gauge yarns. Herringbone knit construction on the body and sleeves. Flat rib knit collar. 1x1 rib on sleeve and bottom opening. Straight hem. Hand wa,shirt_blouse,labeled,0.60,top,,,
shopify:www.taylorstitch.com:7355710865485,garment_category,The Button Down Polo in Heather Oat Herringbone,The Button Down Polo in Heather Oat Herringbone from Taylor Stitch 100% organic cotton. 14 gauge yarns. Herringbone knit construction on the body and sleeves. Flat rib knit collar. 1x1 rib on sleeve and bottom opening. Straight hem. Hand wa,shirt_blouse,labeled,1.00,top,,,
shopify:naadam.co:7278785036384,garment_category,Cashmere Ribbed Asymmetrical Top,"Lines of distinction. This asymmetrical top reimagines ribbing with architectural appeal. Crafted from Mongolian cashmere in a slim fit, it creates visual movement. Layer under blazers for office wear, or pair with high-waisted trousers for",top,labeled,1.00,sweater,,,
shopify:www.untuckit.com:7853402357838,occasion,Wrinkle-Free Ridgewell Shirt,"Who has time to iron? We gave our 100% cotton Wrinkle-Free Shirts a heat-activated finish that resists wrinkles all day long. They come out of the dryer ready to wear, so you can look sharp with zero extra effort—and get out the door faster",work,labeled,0.80,casual,,,
shopify:fahertybrand.com:6884728930373,pattern,Varsity Jacket - Navy,"An oldie but a goodie – this throwback varsity jacket has all the classic sporty stylings you remember, updated with a Faherty touch inspired by the great outdoors. From the front chenille patch to the back which features a large embroidere",graphic,labeled,0.80,solid,,,
shopify:www.everlane.com:7859754401878,garment_category,Bubble-Sleeve Top | Passion Fruit,"Here to level-up your look, this cropped-fit top features a boat neckline and sculpted bubble sleeves that bring shape through the shoulders. It has a center back button closure. Made from an organic cotton and Bluesign®-certified silk voil",top,labeled,0.60,shirt_blouse,,,
shopify:fahertybrand.com:7055925936197,closure,"Belt Loop All Day Shorts (9"") - Olive","You know them, you love them, our All Day™ Shorts look perfectly tailored with a flat front style and have the water repellent technical performance of swimwear for increased movement and breathability. Each pair is crafted in our premium e",zip,labeled,0.60,fly,,,
shopify:fahertybrand.com:8021113405509,silhouette,Sophia Smocked Dress - Chocolate Petal,"Designed with an easy, flattering shape, this sleeveless dress features a fully smocked bodice with a soft scoop neckline and a gently flared skirt. Made from a smooth, lightweight fabric that moves naturally, it feels comfortable and breat",flare,labeled,0.80,fit_and_flare,,,
shopify:naadam.co:6835720716384,fit,Signature Cashmere One Shoulder Sweater,"The Cashmere One Shoulder Sweater is a chic knit with a relaxed classic fit and short classic length designed to skim the top of the hip bones. It features a cold-shoulder silhouette, ribbed details, and fitted waistband for added dimension",regular,labeled,0.60,loose,,,
shopify:naadam.co:7634686640224,garment_category,Lightweight Cashmere Off The Shoulder Tank,"The Lightweight Cashmere Off The Shoulder Tank is crafted from featherweight cashmere, this fine-gauge tank drapes softly with a breathable, second-skin feel. Naturally insulating yet light enough for warmer days, it’s subtly structured wit",sweater,labeled,1.00,top,,,
shopify:www.everlane.com:7784911405142,colour_primary,Cinched Dress in Stretch Linen | Bone,"A midi dress with a V-neckline and soft, dolman flutter sleeves, it features gathered detailing at the waist to create shape. Made from our stretch linen fabric, it balances structure and movement. Easy to wear with flat sandals for day or ",white,labeled,1.00,beige,,,
shopify:www.untuckit.com:7590240878670,colour_primary,Linen Blend Paola Tunic Dress,"Looking to shake up your springtime style? Look no further. Our feminine Paola Dress is the must-have style of the season. We made it from a soft linen-blend fabric and gave it a refined tile print, confident collared tunic construction, an",multicolour,labeled,0.80,blue,,,
shopify:www.untuckit.com:4556194840654,details,Wrinkle-Resistant Palazzo Sport Coat,"We perfected the Original Untucked Shirts—plus all the sharp styles designed to look great with them. This 100% wool, Wrinkle-Resistant Palazzo Sport Coat is just right for looking sharp without feeling stuffy this season. Made with fabric ",lined|slit,labeled,1.00,lined,,,
shopify:naadam.co:6620058484832,details,Mixed Media Puffer Vest,"This sleek vest is the perfect layer when you need a little added warmth, and a lot of added style. The hood, drawstrings, and zip front give the illusion of layering without the extra weight. Throw this over a cashmere sweater for an effor",none,labeled,0.60,quilted,,,
shopify:www.tentree.com:8322436235450,material,Denim Nova Overall,"The epitome of throw it on and go, these denim overalls keep comfort close with a double-V neckline, perfectly placed pockets, and organic cotton that’s so soft you’ll want to spend your whole day in these.",cotton,labeled,0.60,denim,,,
shopify:www.thursdayboots.com:7332008296538,colour_primary,Everyday Tote | Cuero (S) (Gold),Product Features Cuero Full-Grain Leather Internal Pocket For Easy Storage Convenient Phone Compartment For Quick Access Double Leather Handles For Durability Long-Lasting Rivets With Gold Finish Handcrafted With Integrity Shipping Info Fre,metallic,labeled,0.80,brown,,,
shopify:www.everlane.com:7849644458070,details,Suede Slide Sandal | Russet Suede,"An open-toe slip-on sandal designed with a glove-like suede upper for a comfortable fit from first wear. Finished with a leather lining for a smooth feel it has a rubber outsole for grip. Made with our better for you leather. Dress up, dres",none,labeled,0.60,lined,,,
shopify:www.thursdayboots.com:7035381153882,details,[S] Captain | Black Matte,Product Features Black Matte Rugged & Resilient Leather Goodyear Welt Construction for Longevity Fully Lined Supple Glove Leather Interior Poron® Antimicrobial Shock Absorbing Insoles Long-Lasting Kevlar® Blend Laces Cork-Bed Midsoles that ,lined|studded,labeled,1.00,lined,,,
shopify:www.rothys.com:7597342785630,garment_category,The Crossbody Strap - Earthy Chevron,"The Crossbody Strap in Earthy Chevron Durably knit design in a light pink, green, and tan chevron pattern. Two end snap hooks make it easy to clip onto several styles, of which you will find plenty in The Bag Bar. Sturdy sliding buckle allo",bag,labeled,0.80,other,,,
shopify:www.thursdayboots.com:7442143805530,details,[S] Duke | Dark Olive Suede,Product Features Dark Olive WeatherSafe™ Suede Goodyear Welt Construction for Longevity Fully Lined Supple Glove Leather Interior Poron® Antimicrobial Shock Absorbing Insoles Cork-Bed Midsoles that Form to Your Feet DuraEVA™ Comfort Strip D,lined|studded,labeled,1.00,lined,,,
shopify:www.american-giant.com:8226072985781,garment_category,Men's Rib Tee - Forest Camo,Rib Tee,shirt_blouse,labeled,0.80,top,,,
shopify:www.rothys.com:7597342687326,garment_category,The Crossbody Strap - Khaki Stripe,"The Crossbody Strap in Khaki Stripe Durably knit design in tan and black stripes. Two end snap hooks make it easy to clip onto several styles, of which you will find plenty in The Bag Bar. Sturdy sliding buckle allows you to adjust the stra",bag,labeled,0.60,other,,,
shopify:www.everlane.com:7855404286038,occasion,Luxe Rib V-Neck Henley | Coffee Bean,"A henley with a little extra. It features elbow-length sleeves, a clean V neckline, and a slim, easy fit. Non-functional buttons run along the neckline trim, with only the center front buttons designed to open—adding detail without changing",beach,labeled,0.80,casual,,,
shopify:fahertybrand.com:7876163403845,fit,Montecito Linen Maxi Skirt - Tropics,"Hand screen-printed on lightweight linen, this maxi skirt features a softly smocked waistband, tiered detailing, and on-seam pockets for an easy, comfortable fit. Because the print is applied by hand, each piece has subtle variation that gi",regular,labeled,1.00,loose,,,
shopify:www.everlane.com:7784909668438,neckline,Scoop-Neck Tank in Pointelle | Deep Navy,"A cropped tank with a rounded square neckline and scalloped trim at the neck and armholes. Made from our pointelle fabric, it adds texture and detail to a clean, fitted silhouette. Pair it with cargo pants, a low-rise trouser, or styled und",square,labeled,1.00,scoop,,,
shopify:www.taylorstitch.com:7454610653261,colour_primary,The Down Vest in Brick Red Waxed Ripstop,The Down Vest in Brick Red Waxed Ripstop from Taylor Stitch Developed in collaboration with Crescent Down Works. 3.5-oz. 100% cotton waxed ripstop from British Millerain. 3-oz. 100% cowhide yoke. PFC-free 100% nylon lining. 5-oz. 700+ fill ,orange,labeled,0.60,red,,,
shopify:www.taylorstitch.com:7355710865485,colour_primary,The Button Down Polo in Heather Oat Herringbone,The Button Down Polo in Heather Oat Herringbone from Taylor Stitch 100% organic cotton. 14 gauge yarns. Herringbone knit construction on the body and sleeves. Flat rib knit collar. 1x1 rib on sleeve and bottom opening. Straight hem. Hand wa,white,labeled,1.00,beige,,,
shopify:naadam.co:6619044446304,neckline,Luxe Wool Double Breasted Coat,"We partnered with Manteco to bring together our specialties with this recycled wool cashmere blend. The Luxe Wool Double Breasted Coat is as classic as it gets with a naval-inspired silhouette, wide lapels and double-breasted front button c",<not_applicable>,not_applicable,1.00,,,,
shopify:www.marinelayer.com:8213621735498,closure,Dakota Denim Barrel,,<unknown>,unknown,1.00,,,,
shopify:fahertybrand.com:8021113339973,garment_length,Voile Sundance Dress - Garden Whispers,"Made from 100% organic cotton voile, this maxi dress has a light, airy feel with a soft drape that moves easily. Designed with an off-shoulder neckline and a smocked bodice, it creates a flattering, easy shape that still feels relaxed. Fit:",maxi,labeled,1.00,,,,
shopify:fahertybrand.com:8021114093637,sleeve_length,Coastal Poplin Maxi Skirt - Deepwater Stripe,"Made from 100% organic cotton poplin, this maxi skirt has a lightweight, breathable feel with a smooth, crisp finish. Designed with a smocked waistband and tiered silhouette, it creates shape while still moving easily. Detail: Maxi-length s",<not_applicable>,not_applicable,1.00,,,,
shopify:www.thursdayboots.com:7786538008666,closure,Mary Jane | Black Patent,Product Features Black Patent Leather Adjustable Leather Strap With Metal Buckle Buttery Soft Leather Lining Comfortable Shock Absorbing Insoles Lightweight Rubber Outsole 10mm Heel With Anti-Slip Base Handcrafted With Integrity Shipping In,buckle,labeled,1.00,,,,
shopify:www.tentree.com:8143540322490,fit,Vista Sweater,"Combine oversized drop shoulders, a functional quarter zip and ribbed detailing with 100% organic cotton and what do you get? A sweater that's great for your closet and the environment.",oversized,labeled,1.00,,,,
shopify:www.everlane.com:7864340643926,garment_length,Lightweight Terry Long Shorts | Velvet Morning Garment Dye,"Taking a style cue from classic basketball shorts, this mid-rise short has a relaxed, baggy fit and hits just below the knee. The elastic waistband makes it easy to pull on, while side seam pockets add everyday function. Made from a soft, b",knee,labeled,0.80,,,,
shopify:www.everlane.com:7810423160918,neckline,Notch Collar Shirt in Silk Georgette | Navy,"Meet your new go-to short-sleeve shirt. With its V-neckline and notch collar, it has gentle gathers at the cuffs and is finished with picot-edge embroidery. Made with a lightweight silk georgette with a crepey feel and fluid drape, for easy",v_neck,labeled,1.00,,,,
shopify:fahertybrand.com:8021113274437,closure,Sophia Smocked Dress - Coastal Bloom,"Designed with an easy, flattering shape, this sleeveless dress features a fully smocked bodice with a soft scoop neckline and a gently flared skirt. Made from a smooth, lightweight fabric that moves naturally, it feels comfortable and breat",<unknown>,unknown,1.00,,,,
shopify:fahertybrand.com:7721860857925,details,Sunbeam Dress - Luna Mixed Print,"Easygoing and full of charm, this standout maxi dress is designed for warm days and relaxed moments. The smocked waistband adds a hint of shape, while the tiered skirt and delicate drawcord details at the straps and waist bring a subtle, ro",tiered,labeled,1.00,,,,
shopify:www.untuckit.com:7625422176334,pattern,Performance Short-Sleeve Ireton Shirt - FINAL SALE,"The ultimate warm-weather shirt does exist—and you’ve found it. This style does it all: wicks sweat, stretches to your comfort, and resists wrinkling all day. The sun-ready print is ideal for warmer weather, and the perfect-length sleeves w",geometric,labeled,1.00,,,,
shopify:www.untuckit.com:7713739178062,details,Wool Topcoat - FINAL SALE,"Worn over a pullover on the weekend or a sport coat during the week, this sharp third layer is essential this time of year. It's made with supersoft wool blend with a notch lapel and the perfect length that won't get caught in your car door",none,labeled,0.80,,,,
shopify:naadam.co:6620058484832,collar_type,Mixed Media Puffer Vest,"This sleek vest is the perfect layer when you need a little added warmth, and a lot of added style. The hood, drawstrings, and zip front give the illusion of layering without the extra weight. Throw this over a cashmere sweater for an effor",hooded,labeled,1.00,,,,
shopify:www.outdoorvoices.com:7827443744846,colour_primary,Flared Legging,"Flared Legging in Cotton Candy — an ultra-soft brushed cotton blend with supportive stretch and gentle hold. The Flared Legging has an extra-tall waistband that can be folded over for a customizable fit, letting you wear it mid-rise or low-",pink,labeled,1.00,,,,
shopify:www.taylorstitch.com:7355710931021,material,The Button Down Polo in Cilantro Herringbone,The Button Down Polo in Cilantro Herringbone from Taylor Stitch 100% organic cotton. 14 gauge yarns. Herringbone knit construction on the body and sleeves. Flat rib knit collar. 1x1 rib on sleeve and bottom opening. Straight hem. Hand wash ,cotton,labeled,1.00,,,,
shopify:www.untuckit.com:7590178553934,waistline,Cotton Gauze Flutter Sleeve Arya Dress,"There's nothing like a bright colorful dress to make a statement this season. With a breezy flutter sleeve design, popover construction, and boldly vibrant geoprint, the Arya Dress is the best way to bloom open and greet warmer days. Pair i",<unknown>,unknown,1.00,,,,
shopify:www.taylorstitch.com:7307482660941,sleeve_style,The Mariner Shawl Cardigan in Ink Slub,"The Mariner Shawl Cardigan in Ink Slub from Taylor Stitch 100% BCI cotton. 5 gauge yarns. Half cardigan rib knit construction. Racking stitch detailing on shawl collar, placket, yoke, welts, above cuff, and bottom opening. 2x1 rib featured ",<unknown>,unknown,1.00,,,,
shopify:www.untuckit.com:7713737605198,garment_length,Wrinkle-Free Daltrey Shirt - FINAL SALE,"Ditch your iron and make the most of the season. This Wrinkle-Free button-down comes out of the dryer crease-free and ready to wear. It combines fine shirt details—a polished button-down collar, single-needle side seams, and structured cuff",<unknown>,unknown,1.00,,,,
shopify:www.everlane.com:7784909078614,neckline,RetroSoft Cotton Square-Neck Tee | Black,"Giving a ‘90s silhouette a reboot, this square-neck tee pairs a slim, shrunken fit with clean cap sleeves. Made with certified organic ribbed cotton to keep you cool and comfy. The kind of top that works hard in rotation, whether tucked int",square,labeled,1.00,,,,
shopify:www.outdoorvoices.com:7821252886606,material,Polka Tee,Baby Tee in polka dot print with lettuce edge finish and contrast lilac stitching at back shoulder.,<unknown>,unknown,1.00,,,,
shopify:www.untuckit.com:7590258475086,sleeve_style,Stretch Cotton Sleeveless Cordelia Shirt Dress,"Our Cordelia Shirt Dress blooms forth with a pop of fresh spring color. Made from lightweight cotton sateen with just enough added stretch, it's the effortless silhouette that'll keep you cool and comfortable all season long. It also featur",<not_applicable>,not_applicable,1.00,,,,
shopify:fahertybrand.com:8021113339973,sleeve_style,Voile Sundance Dress - Garden Whispers,"Made from 100% organic cotton voile, this maxi dress has a light, airy feel with a soft drape that moves easily. Designed with an off-shoulder neckline and a smocked bodice, it creates a flattering, easy shape that still feels relaxed. Fit:",<unknown>,unknown,1.00,,,,
shopify:www.outdoorvoices.com:7748366827598,silhouette,Puddle Capri,High rise capri in Bubble Wrap — a soft material with a smoother-than-butter texture and medium compression. The Puddle Capri has a wide waistband for comfort and keyhole cut out at the back of the leg with cute adjustable ties. Capri featu,<unknown>,unknown,0.60,,,,
shopify:www.thursdayboots.com:7848748941402,colour_primary,Handbag Hook | Silver Heart,"Product Features Stylish Metal Handbag Hook In Silver Heart Shape Safely Holds Your Favorite Handbag Off The Ground Foldable Design Makes It Perfect For Being On The Go Supports Up To 10 lbs Size: 3"" H x 2.5"" W x 3/16"" D Hook Drop: 4-7/8"" S",metallic,labeled,1.00,,,,
shopify:www.tentree.com:8143540322490,sleeve_style,Vista Sweater,"Combine oversized drop shoulders, a functional quarter zip and ribbed detailing with 100% organic cotton and what do you get? A sweater that's great for your closet and the environment.",dropped_shoulder,labeled,1.00,,,,
shopify:www.everlane.com:7859023970390,details,Textured Halter Midi Dress | Black,"This midi dress features a flattering halter neckline, soft v-neck, and seam detailing throughout. The subtly striped fabric adds texture without overpowering. Made to move beautifully from day to night.",none,labeled,0.80,,,,
shopify:www.everlane.com:7859754401878,colour_primary,Bubble-Sleeve Top | Passion Fruit,"Here to level-up your look, this cropped-fit top features a boat neckline and sculpted bubble sleeves that bring shape through the shoulders. It has a center back button closure. Made from an organic cotton and Bluesign®-certified silk voil",yellow,labeled,1.00,,,,
shopify:www.taylorstitch.com:7579181809741,sleeve_length,The Button Down Polo in Desert Herringbone,The Button Down Polo in Desert Herringbone from Taylor Stitch 100% organic cotton. 14 gauge yarns. Herringbone knit construction on the body and sleeves. Flat rib knit collar. 1x1 rib on sleeve and bottom opening. Straight hem. Hand wash co,short,labeled,1.00,,,,
shopify:www.untuckit.com:7853403111502,closure,Performance Whitman Shirt,"Finally, a shirt that works as hard as you do. Our Performance fabric is breathable, quick-drying, and has stretch for all-day comfort—plus it's sweat-wicking and easy to care for. It comes out of the dryer ready to wear, so you can look sh",<unknown>,unknown,1.00,,,,
shopify:www.everlane.com:7859754860630,silhouette,Mini Shift Dress in Stretch Linen | Dark Brown,Made from stretch linen that's breathable and comfortable. Dress it up or down—it’s ready for both.,shift,labeled,1.00,,,,
shopify:www.rothys.com:7597343113310,garment_length,The Travel Duffel - Forest,"The Travel Duffel in Forest Lightweight, durable design in olive green . Spacious coral interior fits everything you need for the perfect weekend away. Exterior zip pocket and interior slip pocket for your phone, wallet, keys. Durable, comf",<not_applicable>,not_applicable,1.00,,,,
shopify:fahertybrand.com:7784147910725,colour_primary,Double Knit Crewneck - Oat Navy Stripe,"Built for cooler days and crisp nights, this double-knit sweater is rugged on the outside and ridiculously soft on the inside. The blend of long-staple Pima cotton and TENCEL™ Modal gives it the perfect balance of durability, breathability,",multicolour,labeled,1.00,,,,
shopify:www.everlane.com:7827422478422,garment_length,Halter Tank | White,"Fully lined and made from a substantial knit, this top is comfortable enough to wear without a bra. Sleek, modern, and confidence-boosting.",<unknown>,unknown,1.00,,,,
shopify:www.thursdayboots.com:7332008624218,sleeve_length,Everyday Tote | Cuero (M) (Gold),Product Features Cuero Full-Grain Leather Internal Pocket For Easy Storage Convenient Phone Compartment For Quick Access Double Leather Handles For Durability Long-Lasting Rivets With Gold Finish Handcrafted With Integrity Shipping Info Fre,<not_applicable>,not_applicable,1.00,,,,
shopify:www.thursdayboots.com:7743079153754,neckline,Leather Cleaning Wipes | 10 Pack,"Product Features Perfect for Daily Touch-ups at Work, School, or on Vacation Dotted Side Lifts Stubborn Stains Smooth Side Removes Excess Dirt and Dust For Use On Leather Boots, Shoes, Bags, and Jackets Not For Use On Suede Or Nubuck Shippi",<not_applicable>,not_applicable,1.00,,,,
shopify:www.marinelayer.com:8213622718538,details,Allison Pleated Wide Leg Trouser,,pleated,labeled,1.00,,,,
shopify:www.girlfriend.com:7844788469823,colour_primary,Eucalyptus Tabitha Wrap Tank,,green,labeled,0.80,,,,
shopify:www.taylorstitch.com:6865637507149,sleeve_length,The Evans Blazer in Navy Birdseye Wool,"The Evans Blazer in Navy Birdseye Wool from Taylor Stitch 12-oz. 86% wool, 11% polyester, 2% cotton/rayon, and 1% acrylic. Unlined. Notch collar. Single chest pocket. Two lower patch pockets with open tops. Dark horn buttons. Hand wash cold",<unknown>,unknown,1.00,,,,
shopify:www.rothys.com:7374031126622,colour_primary,The Max Square - Amber Cat,"The Max Square in Amber Cat Soft, flexible upper in camel and black leopard print. Streamlined profile with a stretchy topline offers a flattering fit. Features our In Love Insole® in black for heel-to-toe cushioning and all-day wearability",multicolour,labeled,0.80,,,,
shopify:fahertybrand.com:8021116059717,collar_type,Faherty x Quiksilver Heavy Wash Tee - White,"Part of our collaboration with Quiksilver, this oversized, relaxed tee is made from a soft blend of organic and recycled cotton with a broken-in feel from the first wear. Garment-dyed for a vintage, sun-faded look that softens over time, it",none,labeled,0.60,,,,
shopify:www.everlane.com:7841451081814,silhouette,Low-Slung Tie-Front Jean | Medium Indigo,"This low-rise jean that sits close to the hip with a loose relaxed leg. Adjustable tie-front drawcords at the waistband can be worn, removed, or hidden inside for a more streamlined look. Made in a summer-weight, drapier denim. Keep it rela",<unknown>,unknown,1.00,,,,
shopify:www.taylorstitch.com:7579199668301,waistline,The Button Down Polo in Gulf Stream Herringbone,The Button Down Polo in Gulf Stream Herringbone from Taylor Stitch 100% organic cotton. 14 gauge yarns. Herringbone knit construction on the body and sleeves. Flat rib knit collar. 1x1 rib on sleeve and bottom opening. Straight hem. Hand wa,<not_applicable>,not_applicable,1.00,,,,
shopify:naadam.co:7475936854112,collar_type,Luxe Cotton Silk Mixed Media Long Dress,"Wear it on repeat. The Luxe Cotton Silk Mixed Media Long Dress features a color-blocked design, a relaxed drop-waist silhouette, and an ankle-skimming length. It’s knit from a soft blend of 85% cotton and 15% cashmere, and finished with 100",<unknown>,unknown,1.00,,,,
shopify:www.thursdayboots.com:7743079153754,garment_length,Leather Cleaning Wipes | 10 Pack,"Product Features Perfect for Daily Touch-ups at Work, School, or on Vacation Dotted Side Lifts Stubborn Stains Smooth Side Removes Excess Dirt and Dust For Use On Leather Boots, Shoes, Bags, and Jackets Not For Use On Suede Or Nubuck Shippi",<not_applicable>,not_applicable,1.00,,,,
shopify:naadam.co:6565957304416,silhouette,Luxe Cashmere Duster Cardigan,"The long and short of it. The cashmere duster cardigan is the versatile piece you need in your closet. With a relaxed neckline, midi length and slouchy front pockets, it can be dressed up over a button down or dressed down over workout clot",<unknown>,unknown,1.00,,,,
shopify:www.untuckit.com:7663366832206,silhouette,Stretch Cotton Lauren Shirt Dress,"Fall doesn’t start until you slip on this fun, flattering shirt dress. The just-right length works for any event, from an office party to a weekend getaway. Plus, the cotton blend fabric has just enough stretch to keep you comfortable all d",<unknown>,unknown,1.00,,,,
shopify:www.everlane.com:7859754664022,sleeve_length,Halter Tank | Rose Violet,"Fully lined and made from a substantial knit, this top is comfortable enough to wear without a bra. Sleek, modern, and confidence-boosting.",sleeveless,labeled,1.00,,,,
shopify:naadam.co:7163412283488,material,Signature Cashmere Funnel Turtleneck,"More is more. The Signature Cashmere Funnel Turtleneck is a cozy knit with an oversized fit and tunic length. It features a generous funnel neckline, ribbed details, and drop shoulders. Crafted from Signature Cashmere: our classic, 12gg, 10",cashmere,labeled,1.00,,,,
shopify:www.everlane.com:7760661413974,colour_primary,Relaxed Mid-Rise Bootcut Jean | Light Vintage Indigo,"This mid-rise jean has a softer boot flare shape with a lightweight feel that still holds its shape. Made from organic cotton, of course.",blue,labeled,1.00,,,,
shopify:naadam.co:7505740103776,occasion,Super Luxe Cashmere Tie Waist Cardigan,"Tied together. The Super Luxe Cashmere Tie Waist Cardigan is cut long with an oversized fit, giving you room to wrap, knot, or wear it loose. Our heavyweight 100% cashmere makes it seriously soft, while the tie belt keeps it looking pulled-",<unknown>,unknown,1.00,,,,
