timestamp_utc,gpu_memory_used_mib,gpu_memory_free_mib,gpu_utilization_percent,gpu_temperature_c,disk_available_bytes
2026-08-02T21:38:21Z,428,23699,0,37,5033664512
2026-08-02T21:38:22Z,428,23699,0,37,5033664512
2026-08-02T21:38:23Z,428,23699,0,37,5033664512
2026-08-02T21:38:24Z,428,23699,0,37,5033664512
2026-08-02T21:38:25Z,428,23699,0,37,5033664512
2026-08-02T21:38:26Z,428,23699,0,37,5033664512
2026-08-02T21:38:27Z,428,23699,0,37,5033664512
2026-08-02T21:38:28Z,428,23699,0,37,5033664512
2026-08-02T21:38:29Z,428,23699,0,37,5033664512
2026-08-02T21:38:30Z,428,23699,0,37,5033664512
2026-08-02T21:38:31Z,428,23699,0,37,5033664512
2026-08-02T21:38:33Z,428,23699,0,37,5033664512
2026-08-02T21:38:34Z,428,23699,0,37,5033664512
2026-08-02T21:38:35Z,428,23699,0,37,5033664512
2026-08-02T21:38:36Z,428,23699,0,37,5033664512
2026-08-02T21:38:37Z,428,23699,0,37,5033664512
2026-08-02T21:38:38Z,428,23699,0,37,5033664512
2026-08-02T21:38:39Z,428,23699,0,37,5033664512
2026-08-02T21:38:40Z,428,23699,0,37,5033664512
2026-08-02T21:38:41Z,428,23699,0,37,5033664512
2026-08-02T21:38:42Z,428,23699,0,37,5033660416
2026-08-02T21:38:43Z,3893,20234,0,40,5033660416
2026-08-02T21:38:44Z,3893,20234,23,40,5033660416
2026-08-02T21:38:45Z,3909,20218,0,40,5033660416
2026-08-02T21:38:47Z,3909,20218,0,40,5033660416
2026-08-02T21:38:48Z,3909,20218,0,40,5033660416
2026-08-02T21:38:49Z,3909,20218,0,41,5033660416
2026-08-02T21:38:50Z,3909,20218,0,41,5033660416
2026-08-02T21:38:51Z,3989,20138,0,41,5033656320
2026-08-02T21:38:52Z,4591,19536,0,43,5033345024
2026-08-02T21:38:53Z,4591,19536,0,43,5032910848
2026-08-02T21:38:54Z,4591,19536,0,42,5032910848
2026-08-02T21:38:55Z,4591,19536,0,42,5029203968
2026-08-02T21:38:56Z,4591,19536,0,42,5029203968
2026-08-02T21:38:57Z,4591,19536,0,42,5029203968
2026-08-02T21:38:58Z,4591,19536,0,43,5029203968
2026-08-02T21:38:59Z,4891,19236,0,43,5028937728
2026-08-02T21:39:00Z,4331,19796,0,43,5028278272
2026-08-02T21:39:02Z,4331,19796,0,43,5027577856
2026-08-02T21:39:03Z,4349,19778,0,43,5026861056
2026-08-02T21:39:04Z,4247,19880,0,44,5026906112
2026-08-02T21:39:05Z,15443,8684,25,48,5026906112
2026-08-02T21:39:06Z,15525,8602,30,49,5026906112
2026-08-02T21:39:07Z,15565,8562,0,46,5026054144
2026-08-02T21:39:08Z,15587,8540,0,45,5025013760
2026-08-02T21:39:09Z,15673,8454,22,46,5024985088
2026-08-02T21:39:10Z,15751,8376,0,46,5024604160
2026-08-02T21:39:11Z,15763,8364,0,46,5023621120
2026-08-02T21:39:12Z,15783,8344,18,46,5022756864
2026-08-02T21:39:13Z,15897,8230,14,46,5022756864
2026-08-02T21:39:14Z,15959,8168,0,46,5022355456
2026-08-02T21:39:15Z,15959,8168,0,46,5021749248
2026-08-02T21:39:17Z,15959,8168,0,46,5020971008
2026-08-02T21:39:18Z,15963,8164,7,47,5020262400
2026-08-02T21:39:19Z,16059,8068,33,48,5020258304
2026-08-02T21:39:20Z,16155,7972,16,48,5020258304
2026-08-02T21:39:21Z,16259,7868,14,48,5020258304
2026-08-02T21:39:22Z,16337,7790,0,48,5020258304
2026-08-02T21:39:23Z,16793,7334,0,48,5020258304
2026-08-02T21:39:24Z,16793,7334,0,48,5020258304
2026-08-02T21:39:25Z,17035,7092,32,48,5020102656
2026-08-02T21:39:26Z,17035,7092,0,50,5019258880
2026-08-02T21:39:27Z,17035,7092,0,50,5018333184
2026-08-02T21:39:28Z,17035,7092,100,56,5018116096
2026-08-02T21:39:29Z,17035,7092,100,57,5018116096
2026-08-02T21:39:30Z,17035,7092,0,53,5017899008
2026-08-02T21:39:32Z,17035,7092,0,52,5016346624
2026-08-02T21:39:33Z,17035,7092,98,52,5016252416
2026-08-02T21:39:34Z,17035,7092,98,57,5016100864
2026-08-02T21:39:35Z,17035,7092,100,59,5016100864
2026-08-02T21:39:36Z,17035,7092,100,59,5016100864
2026-08-02T21:39:37Z,17035,7092,100,59,5016100864
2026-08-02T21:39:38Z,17035,7092,100,60,5016100864
2026-08-02T21:39:39Z,17035,7092,100,61,5016100864
2026-08-02T21:39:40Z,17035,7092,100,61,5016100864
2026-08-02T21:39:41Z,17035,7092,100,62,5016100864
2026-08-02T21:39:42Z,17035,7092,100,62,5016100864
2026-08-02T21:39:43Z,17035,7092,37,61,5016100864
2026-08-02T21:39:44Z,17035,7092,100,63,5016100864
2026-08-02T21:39:46Z,17035,7092,100,64,5016100864
2026-08-02T21:39:47Z,17035,7092,43,62,5016100864
2026-08-02T21:39:48Z,17035,7092,100,64,5016100864
2026-08-02T21:39:49Z,17035,7092,100,65,5016100864
2026-08-02T21:39:50Z,17035,7092,98,65,5016096768
2026-08-02T21:39:51Z,17035,7092,100,66,5016096768
2026-08-02T21:39:52Z,17035,7092,100,66,5016096768
2026-08-02T21:39:53Z,17035,7092,99,66,5016096768
2026-08-02T21:39:54Z,17035,7092,100,67,5016096768
2026-08-02T21:39:55Z,17035,7092,100,67,5016096768
2026-08-02T21:39:56Z,17035,7092,100,68,5016096768
2026-08-02T21:39:57Z,17035,7092,100,68,5016096768
2026-08-02T21:39:58Z,17035,7092,100,68,5016096768
2026-08-02T21:40:00Z,17035,7092,100,69,5016096768
2026-08-02T21:40:01Z,17035,7092,98,69,5016096768
2026-08-02T21:40:02Z,17035,7092,100,69,5016096768
2026-08-02T21:40:03Z,17035,7092,100,70,5016096768
2026-08-02T21:40:04Z,17035,7092,100,70,5016096768
2026-08-02T21:40:05Z,17035,7092,100,70,5016096768
2026-08-02T21:40:06Z,17035,7092,100,70,5016096768
2026-08-02T21:40:07Z,17035,7092,56,69,5016096768
2026-08-02T21:40:08Z,17035,7092,100,71,5016096768
2026-08-02T21:40:09Z,17035,7092,100,71,5016096768
2026-08-02T21:40:10Z,17035,7092,40,69,5016096768
2026-08-02T21:40:11Z,17035,7092,100,71,5016096768
2026-08-02T21:40:13Z,17035,7092,100,71,5016096768
2026-08-02T21:40:14Z,17035,7092,98,71,5016096768
2026-08-02T21:40:15Z,17299,6828,100,71,5016096768
2026-08-02T21:40:16Z,17299,6828,100,72,5016096768
2026-08-02T21:40:17Z,17299,6828,100,72,5016096768
2026-08-02T21:40:18Z,17299,6828,100,72,5016096768
2026-08-02T21:40:19Z,17299,6828,100,72,5016096768
2026-08-02T21:40:20Z,17299,6828,100,72,5016096768
2026-08-02T21:40:21Z,17299,6828,99,72,5016096768
2026-08-02T21:40:22Z,17299,6828,100,72,5016096768
2026-08-02T21:40:23Z,17299,6828,100,72,5016096768
2026-08-02T21:40:24Z,17299,6828,100,72,5016096768
2026-08-02T21:40:25Z,17299,6828,100,72,5016096768
2026-08-02T21:40:26Z,17299,6828,100,73,5016096768
2026-08-02T21:40:28Z,17299,6828,60,70,5016096768
2026-08-02T21:40:29Z,17299,6828,100,73,5016096768
2026-08-02T21:40:30Z,17299,6828,100,73,5016096768
2026-08-02T21:40:31Z,17299,6828,98,73,5016096768
2026-08-02T21:40:32Z,17299,6828,100,73,5016096768
2026-08-02T21:40:33Z,17299,6828,100,73,5016096768
2026-08-02T21:40:34Z,17299,6828,99,73,5016096768
2026-08-02T21:40:35Z,17299,6828,100,73,5016096768
2026-08-02T21:40:36Z,17299,6828,100,73,5016096768
2026-08-02T21:40:37Z,17299,6828,100,73,5016096768
2026-08-02T21:40:38Z,17299,6828,98,73,5016096768
2026-08-02T21:40:39Z,17299,6828,100,73,5016096768
2026-08-02T21:40:40Z,17299,6828,100,73,5016096768
2026-08-02T21:40:41Z,17299,6828,100,72,5016096768
2026-08-02T21:40:43Z,17299,6828,100,73,5016096768
2026-08-02T21:40:44Z,17299,6828,100,73,5016096768
2026-08-02T21:40:45Z,17299,6828,100,72,5016096768
2026-08-02T21:40:46Z,17299,6828,100,73,5016096768
2026-08-02T21:40:47Z,17299,6828,100,73,5016096768
2026-08-02T21:40:48Z,17299,6828,66,71,5016096768
2026-08-02T21:40:49Z,17299,6828,100,73,5016096768
2026-08-02T21:40:50Z,17299,6828,100,73,5016096768
2026-08-02T21:40:51Z,17299,6828,97,73,5016096768
2026-08-02T21:40:52Z,17299,6828,100,73,5016096768
2026-08-02T21:40:53Z,17299,6828,100,73,5016096768
2026-08-02T21:40:54Z,17299,6828,100,73,5016096768
2026-08-02T21:40:55Z,17299,6828,100,73,5016096768
2026-08-02T21:40:57Z,17299,6828,100,73,5016096768
2026-08-02T21:40:58Z,17299,6828,100,73,5016096768
2026-08-02T21:40:59Z,17299,6828,98,73,5016096768
2026-08-02T21:41:00Z,17299,6828,100,73,5016096768
2026-08-02T21:41:01Z,17299,6828,100,73,5016096768
2026-08-02T21:41:02Z,17299,6828,100,73,5016096768
2026-08-02T21:41:03Z,17299,6828,100,73,5016096768
2026-08-02T21:41:04Z,17299,6828,100,73,5016096768
2026-08-02T21:41:05Z,17299,6828,80,71,5016096768
2026-08-02T21:41:06Z,17299,6828,100,73,5016096768
2026-08-02T21:41:07Z,17299,6828,100,73,5016096768
2026-08-02T21:41:08Z,17299,6828,98,73,5016096768
2026-08-02T21:41:09Z,17299,6828,100,73,5016096768
2026-08-02T21:41:11Z,17299,6828,100,73,5016096768
2026-08-02T21:41:12Z,17299,6828,100,73,5016096768
2026-08-02T21:41:13Z,17299,6828,100,73,5016096768
2026-08-02T21:41:14Z,17299,6828,100,73,5016096768
2026-08-02T21:41:15Z,17299,6828,100,73,5016096768
2026-08-02T21:41:16Z,17299,6828,100,73,5016096768
2026-08-02T21:41:17Z,17299,6828,100,74,5016096768
2026-08-02T21:41:18Z,17299,6828,100,74,5016092672
2026-08-02T21:41:19Z,17299,6828,100,73,5016092672
2026-08-02T21:41:20Z,17299,6828,100,74,5016092672
2026-08-02T21:41:21Z,17299,6828,100,74,5016305664
2026-08-02T21:41:22Z,17299,6828,21,71,5016305664
2026-08-02T21:41:23Z,17299,6828,100,74,5014216704
2026-08-02T21:41:24Z,17299,6828,100,74,5014216704
2026-08-02T21:41:26Z,17299,6828,99,74,5014216704
2026-08-02T21:41:27Z,17299,6828,100,74,5014216704
2026-08-02T21:41:28Z,17299,6828,100,74,5014216704
2026-08-02T21:41:29Z,17299,6828,100,74,5014216704
2026-08-02T21:41:30Z,17299,6828,100,74,5014216704
2026-08-02T21:41:31Z,17299,6828,100,74,5014216704
2026-08-02T21:41:32Z,17299,6828,100,74,5014216704
2026-08-02T21:41:33Z,17299,6828,100,74,5014216704
2026-08-02T21:41:34Z,17299,6828,100,74,5014216704
2026-08-02T21:41:35Z,17299,6828,100,74,5014216704
2026-08-02T21:41:36Z,17299,6828,100,73,5014216704
2026-08-02T21:41:37Z,17299,6828,100,74,5014216704
2026-08-02T21:41:38Z,17299,6828,100,74,5014216704
2026-08-02T21:41:40Z,17299,6828,45,72,5014216704
2026-08-02T21:41:41Z,17299,6828,100,74,5014216704
2026-08-02T21:41:42Z,17299,6828,100,74,5014216704
2026-08-02T21:41:43Z,17299,6828,97,74,5014216704
2026-08-02T21:41:44Z,17299,6828,100,74,5014216704
2026-08-02T21:41:45Z,17299,6828,100,74,5014216704
2026-08-02T21:41:46Z,17299,6828,100,74,5014216704
2026-08-02T21:41:47Z,17299,6828,100,74,5014216704
2026-08-02T21:41:48Z,17299,6828,100,74,5014216704
2026-08-02T21:41:49Z,17299,6828,100,74,5014216704
2026-08-02T21:41:50Z,17299,6828,100,74,5014216704
2026-08-02T21:41:51Z,17299,6828,100,74,5014216704
2026-08-02T21:41:52Z,17299,6828,100,74,5014216704
2026-08-02T21:41:54Z,17299,6828,100,74,5014216704
2026-08-02T21:41:55Z,17299,6828,100,74,5014216704
2026-08-02T21:41:56Z,17299,6828,100,74,5014216704
2026-08-02T21:41:57Z,17299,6828,23,72,5014216704
2026-08-02T21:41:58Z,17299,6828,100,74,5014216704
2026-08-02T21:41:59Z,17299,6828,100,74,5014216704
2026-08-02T21:42:00Z,17299,6828,98,74,5014216704
2026-08-02T21:42:01Z,17299,6828,100,74,5014216704
2026-08-02T21:42:02Z,17299,6828,100,74,5014216704
2026-08-02T21:42:03Z,17299,6828,100,74,5014216704
2026-08-02T21:42:04Z,17299,6828,100,74,5014216704
2026-08-02T21:42:05Z,17299,6828,100,74,5014216704
2026-08-02T21:42:07Z,17299,6828,100,74,5014216704
2026-08-02T21:42:08Z,17299,6828,99,74,5014216704
2026-08-02T21:42:09Z,17299,6828,100,74,5014216704
2026-08-02T21:42:10Z,17299,6828,100,74,5014216704
2026-08-02T21:42:11Z,17299,6828,100,74,5014216704
2026-08-02T21:42:12Z,17299,6828,100,74,5014216704
2026-08-02T21:42:13Z,17299,6828,100,74,5014216704
2026-08-02T21:42:14Z,17299,6828,100,73,5014216704
2026-08-02T21:42:15Z,17299,6828,100,74,5014216704
2026-08-02T21:42:16Z,17299,6828,100,74,5014216704
2026-08-02T21:42:17Z,17299,6828,17,73,5014216704
2026-08-02T21:42:18Z,17299,6828,100,74,5014216704
2026-08-02T21:42:20Z,17299,6828,100,74,5014216704
2026-08-02T21:42:21Z,17299,6828,98,74,5014216704
2026-08-02T21:42:22Z,17299,6828,100,74,5014216704
2026-08-02T21:42:23Z,17299,6828,100,74,5014216704
2026-08-02T21:42:24Z,17299,6828,100,74,5014216704
2026-08-02T21:42:25Z,17299,6828,100,74,5014216704
2026-08-02T21:42:26Z,17299,6828,100,74,5014216704
2026-08-02T21:42:27Z,17299,6828,100,74,5014216704
2026-08-02T21:42:28Z,17299,6828,99,74,5014216704
2026-08-02T21:42:29Z,17299,6828,100,74,5014216704
2026-08-02T21:42:30Z,17299,6828,100,74,5014216704
2026-08-02T21:42:31Z,17299,6828,100,74,5014216704
2026-08-02T21:42:32Z,17299,6828,100,74,5014216704
2026-08-02T21:42:34Z,17299,6828,100,74,5014216704
2026-08-02T21:42:35Z,17299,6828,52,73,5014216704
2026-08-02T21:42:36Z,17299,6828,100,74,5014216704
2026-08-02T21:42:37Z,17299,6828,100,74,5014216704
2026-08-02T21:42:38Z,17299,6828,97,74,5014216704
2026-08-02T21:42:39Z,17299,6828,100,74,5014216704
2026-08-02T21:42:40Z,17299,6828,100,74,5014216704
2026-08-02T21:42:41Z,17299,6828,100,74,5014216704
2026-08-02T21:42:42Z,17299,6828,100,74,5014216704
2026-08-02T21:42:43Z,17299,6828,100,74,5014216704
2026-08-02T21:42:44Z,17299,6828,100,74,5014216704
2026-08-02T21:42:45Z,17299,6828,99,74,5014216704
2026-08-02T21:42:46Z,17299,6828,100,74,5014212608
2026-08-02T21:42:48Z,17299,6828,100,74,5014212608
2026-08-02T21:42:49Z,17299,6828,100,74,5014212608
2026-08-02T21:42:50Z,17299,6828,100,74,5014212608
2026-08-02T21:42:51Z,17299,6828,100,74,5014212608
2026-08-02T21:42:52Z,17299,6828,60,73,5014212608
2026-08-02T21:42:53Z,17299,6828,100,74,5014212608
2026-08-02T21:42:54Z,17299,6828,100,74,5014212608
2026-08-02T21:42:55Z,17299,6828,44,72,5014212608
2026-08-02T21:42:56Z,17299,6828,100,74,5014212608
2026-08-02T21:42:57Z,17299,6828,100,74,5014212608
2026-08-02T21:42:58Z,17299,6828,98,74,5014212608
2026-08-02T21:42:59Z,17299,6828,100,74,5014212608
2026-08-02T21:43:00Z,17299,6828,100,74,5014212608
2026-08-02T21:43:02Z,17299,6828,100,74,5014212608
2026-08-02T21:43:03Z,17299,6828,99,74,5014212608
2026-08-02T21:43:04Z,17299,6828,100,74,5014212608
2026-08-02T21:43:05Z,17299,6828,100,74,5014212608
2026-08-02T21:43:06Z,17299,6828,100,73,5014212608
2026-08-02T21:43:07Z,17299,6828,100,74,5014212608
2026-08-02T21:43:08Z,17299,6828,100,74,5014212608
2026-08-02T21:43:09Z,17299,6828,22,72,5014212608
2026-08-02T21:43:10Z,17299,6828,100,74,5014212608
2026-08-02T21:43:11Z,17299,6828,100,74,5014212608
2026-08-02T21:43:12Z,17299,6828,98,74,5014212608
2026-08-02T21:43:13Z,17299,6828,100,74,5014212608
2026-08-02T21:43:14Z,17299,6828,100,74,5014212608
2026-08-02T21:43:16Z,17299,6828,100,74,5014212608
2026-08-02T21:43:17Z,17299,6828,100,74,5014212608
2026-08-02T21:43:18Z,17299,6828,100,74,5014212608
2026-08-02T21:43:19Z,17299,6828,100,74,5014212608
2026-08-02T21:43:20Z,17299,6828,100,74,5014212608
2026-08-02T21:43:21Z,17299,6828,100,74,5014212608
2026-08-02T21:43:22Z,17299,6828,100,74,5014212608
2026-08-02T21:43:23Z,17299,6828,67,73,5014212608
2026-08-02T21:43:24Z,17299,6828,100,74,5014212608
2026-08-02T21:43:25Z,17299,6828,100,74,5014212608
2026-08-02T21:43:26Z,17299,6828,41,72,5014212608
2026-08-02T21:43:27Z,17299,6828,100,74,5014212608
2026-08-02T21:43:28Z,17299,6828,100,74,5014212608
2026-08-02T21:43:30Z,17299,6828,98,74,5014212608
2026-08-02T21:43:31Z,17299,6828,100,74,5014212608
2026-08-02T21:43:32Z,17299,6828,100,74,5014212608
2026-08-02T21:43:33Z,17299,6828,100,74,5014212608
2026-08-02T21:43:34Z,17299,6828,99,73,5014212608
2026-08-02T21:43:35Z,17299,6828,100,74,5014212608
2026-08-02T21:43:36Z,17299,6828,100,74,5014212608
2026-08-02T21:43:37Z,17299,6828,100,73,5014212608
2026-08-02T21:43:38Z,17299,6828,100,74,5014212608
2026-08-02T21:43:39Z,17299,6828,100,74,5014212608
2026-08-02T21:43:40Z,17299,6828,90,73,5014212608
2026-08-02T21:43:41Z,17299,6828,100,74,5014212608
2026-08-02T21:43:42Z,17299,6828,100,74,5014212608
2026-08-02T21:43:43Z,17299,6828,97,74,5014212608
2026-08-02T21:43:45Z,17299,6828,100,74,5014212608
2026-08-02T21:43:46Z,17299,6828,100,74,5014212608
2026-08-02T21:43:47Z,17299,6828,100,74,5014212608
2026-08-02T21:43:48Z,17299,6828,100,74,5014212608
2026-08-02T21:43:49Z,17299,6828,100,74,5014212608
2026-08-02T21:43:50Z,17299,6828,100,74,5014212608
2026-08-02T21:43:51Z,17299,6828,99,74,5014212608
2026-08-02T21:43:52Z,17299,6828,100,74,5014212608
2026-08-02T21:43:53Z,17299,6828,100,74,5014212608
2026-08-02T21:43:54Z,17299,6828,100,73,5014212608
2026-08-02T21:43:55Z,17299,6828,100,74,5014212608
2026-08-02T21:43:56Z,17299,6828,100,74,5014212608
2026-08-02T21:43:57Z,17299,6828,46,71,5014212608
2026-08-02T21:43:59Z,17299,6828,100,74,5014212608
2026-08-02T21:44:00Z,17299,6828,100,74,5014212608
2026-08-02T21:44:01Z,17299,6828,98,74,5014212608
2026-08-02T21:44:02Z,17299,6828,100,74,5014212608
2026-08-02T21:44:03Z,17299,6828,100,74,5014212608
2026-08-02T21:44:04Z,17299,6828,100,74,5014212608
2026-08-02T21:44:05Z,17299,6828,100,74,5014212608
2026-08-02T21:44:06Z,17299,6828,100,74,5014212608
2026-08-02T21:44:07Z,17299,6828,100,74,5014212608
2026-08-02T21:44:08Z,17299,6828,99,74,5014212608
2026-08-02T21:44:09Z,17299,6828,100,74,5014212608
2026-08-02T21:44:10Z,17299,6828,100,74,5014212608
2026-08-02T21:44:11Z,17299,6828,100,73,5014212608
2026-08-02T21:44:12Z,17299,6828,100,74,5014212608
2026-08-02T21:44:14Z,17299,6828,100,74,5014212608
2026-08-02T21:44:15Z,17299,6828,100,73,5014212608
2026-08-02T21:44:16Z,17299,6828,100,74,5014208512
2026-08-02T21:44:17Z,17299,6828,100,74,5014208512
2026-08-02T21:44:18Z,17299,6828,29,71,5014208512
2026-08-02T21:44:19Z,17299,6828,100,74,5014208512
2026-08-02T21:44:20Z,17299,6828,100,74,5014208512
2026-08-02T21:44:21Z,17299,6828,98,74,5014208512
2026-08-02T21:44:22Z,17299,6828,100,74,5014208512
2026-08-02T21:44:23Z,17299,6828,100,74,5014208512
2026-08-02T21:44:24Z,17299,6828,100,74,5014208512
2026-08-02T21:44:25Z,17299,6828,100,74,5014208512
2026-08-02T21:44:26Z,17299,6828,100,74,5014208512
2026-08-02T21:44:28Z,17299,6828,100,74,5014208512
2026-08-02T21:44:29Z,17299,6828,100,74,5014208512
2026-08-02T21:44:30Z,17299,6828,100,74,5014208512
2026-08-02T21:44:31Z,17299,6828,100,74,5014208512
2026-08-02T21:44:32Z,17575,6552,43,73,5014208512
2026-08-02T21:44:33Z,17575,6552,100,74,5014208512
2026-08-02T21:44:34Z,17575,6552,100,74,5014208512
2026-08-02T21:44:35Z,17575,6552,98,74,5014208512
2026-08-02T21:44:36Z,17575,6552,100,74,5014208512
2026-08-02T21:44:37Z,17575,6552,100,74,5014208512
2026-08-02T21:44:38Z,17575,6552,100,74,5014208512
2026-08-02T21:44:39Z,17575,6552,100,74,5014208512
2026-08-02T21:44:40Z,17575,6552,100,74,5014208512
2026-08-02T21:44:41Z,17575,6552,100,74,5014208512
2026-08-02T21:44:43Z,17575,6552,99,74,5014208512
2026-08-02T21:44:44Z,17575,6552,100,74,5014208512
2026-08-02T21:44:45Z,17575,6552,100,74,5014208512
2026-08-02T21:44:46Z,17575,6552,100,73,5014208512
2026-08-02T21:44:47Z,17575,6552,100,74,5014208512
2026-08-02T21:44:48Z,17575,6552,100,74,5014208512
2026-08-02T21:44:49Z,17575,6552,96,74,5014208512
2026-08-02T21:44:50Z,17575,6552,100,74,5014208512
2026-08-02T21:44:51Z,17575,6552,100,74,5014208512
2026-08-02T21:44:52Z,17575,6552,99,74,5014208512
2026-08-02T21:44:53Z,17575,6552,100,74,5014208512
2026-08-02T21:44:54Z,17575,6552,100,74,5014208512
2026-08-02T21:44:55Z,17575,6552,100,74,5014208512
2026-08-02T21:44:57Z,17575,6552,99,74,5014208512
2026-08-02T21:44:58Z,17575,6552,100,74,5014208512
2026-08-02T21:44:59Z,17575,6552,100,74,5014208512
2026-08-02T21:45:00Z,17575,6552,100,74,5014208512
2026-08-02T21:45:01Z,17575,6552,100,74,5014208512
2026-08-02T21:45:02Z,17575,6552,100,74,5014208512
2026-08-02T21:45:03Z,17575,6552,95,74,5014208512
2026-08-02T21:45:04Z,17575,6552,100,74,5014208512
2026-08-02T21:45:05Z,17575,6552,100,74,5014208512
2026-08-02T21:45:06Z,17575,6552,97,74,5014208512
2026-08-02T21:45:07Z,17575,6552,100,74,5014208512
2026-08-02T21:45:08Z,17575,6552,100,74,5014208512
2026-08-02T21:45:09Z,17575,6552,97,74,5014208512
2026-08-02T21:45:11Z,17575,6552,100,74,5014208512
2026-08-02T21:45:12Z,17575,6552,100,74,5014208512
2026-08-02T21:45:13Z,17575,6552,100,74,5014208512
2026-08-02T21:45:14Z,17575,6552,100,74,5014208512
2026-08-02T21:45:15Z,17575,6552,100,74,5014208512
2026-08-02T21:45:16Z,17575,6552,100,74,5014208512
2026-08-02T21:45:17Z,17575,6552,99,74,5014208512
2026-08-02T21:45:18Z,17575,6552,100,74,5014208512
2026-08-02T21:45:19Z,17575,6552,100,74,5014208512
2026-08-02T21:45:20Z,17575,6552,100,73,5014208512
2026-08-02T21:45:21Z,17575,6552,100,74,5014208512
2026-08-02T21:45:22Z,17575,6552,100,74,5014208512
2026-08-02T21:45:23Z,17575,6552,29,73,5014208512
2026-08-02T21:45:24Z,17575,6552,100,74,5014208512
2026-08-02T21:45:26Z,17575,6552,100,74,5014208512
2026-08-02T21:45:27Z,17575,6552,97,74,5014208512
2026-08-02T21:45:28Z,17575,6552,100,74,5014208512
2026-08-02T21:45:29Z,17575,6552,100,74,5014208512
2026-08-02T21:45:30Z,17575,6552,100,74,5014208512
2026-08-02T21:45:31Z,17575,6552,100,74,5014208512
2026-08-02T21:45:32Z,17575,6552,100,74,5014208512
2026-08-02T21:45:33Z,17575,6552,100,74,5014208512
2026-08-02T21:45:34Z,17575,6552,100,73,5014208512
2026-08-02T21:45:35Z,17575,6552,100,74,5014208512
2026-08-02T21:45:36Z,17575,6552,100,74,5014208512
2026-08-02T21:45:37Z,17575,6552,58,73,5014208512
2026-08-02T21:45:39Z,17575,6552,100,74,5014208512
2026-08-02T21:45:40Z,17575,6552,100,74,5014208512
2026-08-02T21:45:41Z,17575,6552,48,71,5014208512
2026-08-02T21:45:42Z,17575,6552,100,74,5014208512
2026-08-02T21:45:43Z,17575,6552,100,74,5014208512
2026-08-02T21:45:44Z,17575,6552,98,74,5014204416
2026-08-02T21:45:45Z,17575,6552,100,74,5014204416
2026-08-02T21:45:46Z,17575,6552,100,74,5014204416
2026-08-02T21:45:47Z,17575,6552,99,74,5014204416
2026-08-02T21:45:48Z,17575,6552,100,74,5014204416
2026-08-02T21:45:49Z,17575,6552,100,74,5014204416
2026-08-02T21:45:51Z,17575,6552,100,74,5014204416
2026-08-02T21:45:52Z,17575,6552,100,74,5014204416
2026-08-02T21:45:53Z,17575,6552,100,74,5014204416
2026-08-02T21:45:54Z,17575,6552,100,74,5014204416
2026-08-02T21:45:55Z,17575,6552,100,73,5014204416
2026-08-02T21:45:56Z,17575,6552,100,73,5014204416
2026-08-02T21:45:57Z,17575,6552,0,68,5014204416
2026-08-02T21:45:58Z,17575,6552,0,68,5013692416
2026-08-02T21:45:59Z,17575,6552,0,66,5005799424
2026-08-02T21:46:00Z,17575,6552,0,66,5005799424
2026-08-02T21:46:01Z,17575,6552,0,65,5005799424
2026-08-02T21:46:02Z,17575,6552,0,64,5005799424
2026-08-02T21:46:03Z,17575,6552,0,64,5005799424
2026-08-02T21:46:05Z,17575,6552,0,64,5005783040
2026-08-02T21:46:06Z,5137,18990,0,64,5005783040
2026-08-02T21:46:07Z,5137,18990,0,64,5005783040
2026-08-02T21:46:08Z,428,23699,0,64,5005783040
2026-08-02T21:46:09Z,428,23699,0,64,5005783040
