sku_id,attribute,agreement,n_variants,proposed,status
shopify:fahertybrand.com:8021058519109,pattern,0.3333,3,,unknown
shopify:fahertybrand.com:8021058519109,silhouette,0.3333,3,,not_applicable
shopify:fahertybrand.com:7485267116101,details,0.4,4,[],not_applicable
shopify:fahertybrand.com:7821227524165,details,0.4,4,,unknown
shopify:fahertybrand.com:7821227524165,pattern,0.4,3,solid,labeled
shopify:fahertybrand.com:7876090298437,waistline,0.4,3,none,labeled
shopify:fahertybrand.com:7876155867205,silhouette,0.4,3,,unknown
shopify:fahertybrand.com:7876163469381,waistline,0.4,3,none,labeled
shopify:naadam.co:6619045298272,details,0.4,4,"[""none""]",labeled
shopify:naadam.co:6835721404512,waistline,0.4,3,,not_applicable
shopify:naadam.co:7163412185184,waistline,0.4,3,,not_applicable
shopify:naadam.co:7294078058592,collar_type,0.4,3,none,labeled
shopify:naadam.co:7294139596896,details,0.4,3,"[""none""]",labeled
shopify:naadam.co:7294139596896,waistline,0.4,3,,not_applicable
shopify:naadam.co:7505739710560,waistline,0.4,3,,not_applicable
shopify:naadam.co:7696137453664,details,0.4,3,"[""none""]",labeled
shopify:www.allbirds.com:6822714867792,pattern,0.4,3,,not_applicable
shopify:www.allbirds.com:7010120368208,details,0.4,3,,unknown
shopify:www.allbirds.com:7010120368208,pattern,0.4,3,,unknown
shopify:www.allbirds.com:7082683039824,occasion,0.4,3,athletic,labeled
shopify:www.allbirds.com:7188364329040,material,0.4,3,,not_applicable
shopify:www.allbirds.com:7193763905616,pattern,0.4,3,solid,labeled
shopify:www.allbirds.com:7199672238160,details,0.4,3,,not_applicable
shopify:www.allbirds.com:7199672238160,pattern,0.4,3,solid,labeled
shopify:www.allbirds.com:7205194924112,occasion,0.4,3,casual,labeled
shopify:www.allbirds.com:7205194924112,pattern,0.4,3,,not_applicable
shopify:www.allbirds.com:7215631466576,details,0.4,3,,unknown
shopify:www.allbirds.com:7257961955408,details,0.4,3,"[""none""]",labeled
shopify:www.american-giant.com:10182349127861,waistline,0.4,3,,unknown
shopify:www.american-giant.com:10251478794421,waistline,0.4,3,,unknown
shopify:www.american-giant.com:10312474919093,waistline,0.4,3,,unknown
shopify:www.american-giant.com:10341502386357,waistline,0.4,3,none,labeled
shopify:www.american-giant.com:10341502582965,details,0.4,3,"[""none""]",labeled
shopify:www.american-giant.com:10362935935157,waistline,0.4,3,,unknown
shopify:www.american-giant.com:10390733095093,waistline,0.4,3,,unknown
shopify:www.american-giant.com:10414088716469,waistline,0.4,3,none,labeled
shopify:www.american-giant.com:6278685950133,details,0.4,4,,unknown
shopify:www.american-giant.com:7135738167477,collar_type,0.4,3,none,labeled
shopify:www.american-giant.com:7393078870197,details,0.4,4,[],not_applicable
shopify:www.american-giant.com:7478547382453,waistline,0.4,3,,unknown
shopify:www.american-giant.com:7482388938933,closure,0.4,3,pullover,labeled
shopify:www.american-giant.com:7653235884213,waistline,0.4,3,,unknown
shopify:www.everlane.com:7790982398038,details,0.4,3,"[""none""]",labeled
shopify:www.everlane.com:7823763374166,waistline,0.4,3,none,labeled
shopify:www.everlane.com:7825077698646,waistline,0.4,3,,not_applicable
shopify:www.everlane.com:7827422609494,waistline,0.4,3,none,labeled
shopify:www.everlane.com:7830716678230,waistline,0.4,3,none,labeled
shopify:www.everlane.com:7859022495830,waistline,0.4,3,none,labeled
shopify:www.marinelayer.com:8016253255754,waistline,0.4,3,none,labeled
shopify:www.marinelayer.com:8084574273610,waistline,0.4,3,,unknown
shopify:www.marinelayer.com:8110969716810,waistline,0.4,3,none,labeled
shopify:www.marinelayer.com:8110980005962,closure,0.4,3,pullover,labeled
shopify:www.marinelayer.com:8175109341258,details,0.4,3,[],not_applicable
shopify:www.marinelayer.com:8175109341258,waistline,0.4,3,none,labeled
shopify:www.outdoorvoices.com:7585332625486,collar_type,0.4,3,none,labeled
shopify:www.outdoorvoices.com:7585332625486,waistline,0.4,3,,not_applicable
shopify:www.rothys.com:6876598141022,details,0.4,3,,unknown
shopify:www.rothys.com:7597342851166,details,0.4,3,,unknown
shopify:www.rothys.com:7616295895134,details,0.4,3,"[""lined""]",labeled
shopify:www.rothys.com:7636126072926,details,0.4,3,"[""none""]",labeled
shopify:www.taylorstitch.com:7454612258893,collar_type,0.4,3,,not_applicable
shopify:www.taylorstitch.com:7523414900813,waistline,0.4,3,,not_applicable
shopify:www.taylorstitch.com:7579184889933,waistline,0.4,3,none,labeled
shopify:www.taylorstitch.com:7579256258637,waistline,0.4,3,none,labeled
shopify:www.taylorstitch.com:7645558538317,collar_type,0.4,3,,not_applicable
shopify:www.tentree.com:8143564112058,details,0.4,3,"[""none""]",labeled
shopify:www.tentree.com:8216161550522,details,0.4,4,"[""none""]",labeled
shopify:www.tentree.com:8360508686522,waistline,0.4,3,,unknown
shopify:www.tentree.com:8360518353082,details,0.4,3,[],not_applicable
shopify:www.thursdayboots.com:6860805079130,colour_primary,0.4,3,brown,labeled
shopify:www.thursdayboots.com:7303123501146,occasion,0.4,3,,not_applicable
shopify:www.thursdayboots.com:7303124058202,pattern,0.4,3,,not_applicable
shopify:www.thursdayboots.com:7331567796314,details,0.4,3,"[""none""]",labeled
shopify:www.thursdayboots.com:7331567796314,occasion,0.4,3,casual,labeled
shopify:www.thursdayboots.com:7371077156954,waistline,0.4,3,,not_applicable
shopify:www.thursdayboots.com:7386239631450,details,0.4,3,,not_applicable
shopify:www.thursdayboots.com:7625825026138,waistline,0.4,3,none,labeled
shopify:www.thursdayboots.com:7804049162330,pattern,0.4,3,solid,labeled
shopify:www.untuckit.com:7527093960782,details,0.4,3,"[""none""]",labeled
shopify:www.untuckit.com:7527093960782,waistline,0.4,3,,unknown
shopify:www.untuckit.com:7853403177038,details,0.4,4,"[""none""]",labeled
shopify:www.untuckit.com:7853403177038,waistline,0.4,3,,unknown
shopify:www.untuckit.com:7861509509,waistline,0.4,3,none,labeled
shopify:fahertybrand.com:7876153606213,silhouette,0.5,2,,unknown
shopify:fahertybrand.com:7876153606213,sleeve_length,0.5,2,,unknown
shopify:fahertybrand.com:7876156948549,garment_length,0.5,2,,unknown
shopify:fahertybrand.com:7876156948549,occasion,0.5,2,casual,labeled
shopify:fahertybrand.com:8021058486341,details,0.5,3,"[""none""]",labeled
shopify:fahertybrand.com:8021060321349,details,0.5,3,,unknown
shopify:fahertybrand.com:8021060321349,garment_length,0.5,2,hip,labeled
shopify:fahertybrand.com:8021060321349,occasion,0.5,2,,unknown
shopify:fahertybrand.com:8021060321349,pattern,0.5,2,,unknown
shopify:fahertybrand.com:8021060321349,sleeve_style,0.5,2,set_in,labeled
shopify:fahertybrand.com:8021060321349,waistline,0.5,3,,unknown
shopify:fahertybrand.com:8021060649029,sleeve_style,0.5,2,set_in,labeled
shopify:fahertybrand.com:8021062123589,colour_primary,0.5,2,,unknown
shopify:fahertybrand.com:8021062123589,silhouette,0.5,2,straight,labeled
shopify:naadam.co:6620058320992,waistline,0.5,2,,not_applicable
shopify:naadam.co:7294139891808,collar_type,0.5,2,,unknown
shopify:naadam.co:7294139891808,occasion,0.5,2,,unknown
shopify:naadam.co:7294139891808,sleeve_length,0.5,2,,unknown
shopify:naadam.co:7294139891808,sleeve_style,0.5,2,,unknown
shopify:naadam.co:7294196842592,details,0.5,3,,unknown
shopify:naadam.co:7505740169312,details,0.5,2,,unknown
shopify:naadam.co:7668949647456,details,0.5,3,,unknown
shopify:naadam.co:7668949647456,sleeve_length,0.5,2,long,labeled
shopify:naadam.co:7668949647456,sleeve_style,0.5,2,set_in,labeled
shopify:naadam.co:7668949647456,waistline,0.5,2,none,labeled
shopify:naadam.co:7686336282720,closure,0.5,3,pullover,labeled
shopify:naadam.co:7686336282720,collar_type,0.5,3,,unknown
shopify:www.american-giant.com:10411200610485,closure,0.5,2,pullover,labeled
shopify:www.american-giant.com:10411200610485,details,0.5,3,,unknown
shopify:www.american-giant.com:10411200610485,pattern,0.5,2,,unknown
shopify:www.american-giant.com:10411200610485,sleeve_style,0.5,2,set_in,labeled
shopify:www.american-giant.com:7392737001653,details,0.5,2,,unknown
shopify:www.american-giant.com:7392737001653,pattern,0.5,2,solid,labeled
shopify:www.everlane.com:7784910291030,collar_type,0.5,2,none,labeled
shopify:www.everlane.com:7784910291030,pattern,0.5,2,solid,labeled
shopify:www.marinelayer.com:7892037304394,details,0.5,2,[],not_applicable
shopify:www.marinelayer.com:8175117697098,waistline,0.5,3,,unknown
shopify:www.rothys.com:7524437688414,details,0.5,2,"[""none""]",labeled
shopify:www.taylorstitch.com:7376878403661,closure,0.5,3,,unknown
shopify:www.taylorstitch.com:7376878403661,collar_type,0.5,2,none,labeled
shopify:www.taylorstitch.com:7376878403661,waistline,0.5,3,none,labeled
shopify:www.tentree.com:8143571157178,closure,0.5,2,pullover,labeled
shopify:www.tentree.com:8143571157178,waistline,0.5,3,,unknown
shopify:www.tentree.com:8143573254330,collar_type,0.5,2,none,labeled
shopify:www.tentree.com:8143573254330,details,0.5,2,"[""none""]",labeled
shopify:www.tentree.com:8143573254330,sleeve_style,0.5,2,,unknown
shopify:www.untuckit.com:6689477957,details,0.5,3,"[""lined""]",labeled
shopify:www.untuckit.com:6689477957,garment_length,0.5,2,,unknown
shopify:www.untuckit.com:6689477957,occasion,0.5,3,casual,labeled
shopify:www.untuckit.com:6689477957,silhouette,0.5,2,,unknown
shopify:www.untuckit.com:7551358107726,silhouette,0.5,3,,unknown
shopify:www.untuckit.com:7551358107726,waistline,0.5,2,,not_applicable
shopify:www.untuckit.com:7670059761742,closure,0.5,2,drawstring,labeled
shopify:www.untuckit.com:7670059761742,waistline,0.5,3,,not_applicable
shopify:fahertybrand.com:6907236188229,details,0.6,2,,unknown
shopify:fahertybrand.com:6907236188229,pattern,0.6,2,solid,labeled
shopify:fahertybrand.com:7485267116101,neckline,0.6,2,,unknown
shopify:fahertybrand.com:7485267116101,waistline,0.6,3,none,labeled
shopify:fahertybrand.com:7492253909061,details,0.6,2,,unknown
shopify:fahertybrand.com:7492253909061,sleeve_style,0.6,2,,unknown
shopify:fahertybrand.com:7492253909061,waistline,0.6,2,,not_applicable
shopify:fahertybrand.com:7492256235589,occasion,0.6,2,casual,labeled
shopify:fahertybrand.com:7492256235589,sleeve_style,0.6,2,,unknown
shopify:fahertybrand.com:7552626753605,occasion,0.6,2,casual,labeled
shopify:fahertybrand.com:7552629309509,silhouette,0.6,2,straight,labeled
shopify:fahertybrand.com:7552629309509,sleeve_style,0.6,2,,not_applicable
shopify:fahertybrand.com:7653193220165,silhouette,0.6,2,,unknown
shopify:fahertybrand.com:7653193220165,waistline,0.6,2,none,labeled
shopify:fahertybrand.com:7806931435589,closure,0.6,2,,unknown
shopify:fahertybrand.com:7821227524165,occasion,0.6,2,,unknown
shopify:fahertybrand.com:7876090298437,garment_length,0.6,2,hip,labeled
shopify:fahertybrand.com:7876090298437,silhouette,0.6,2,,unknown
shopify:fahertybrand.com:7876155867205,details,0.6,2,"[""none""]",labeled
shopify:fahertybrand.com:7876155867205,waistline,0.6,2,none,labeled
shopify:fahertybrand.com:7876162224197,garment_length,0.6,2,,unknown
shopify:fahertybrand.com:7876162224197,neckline,0.6,2,crew,labeled
shopify:fahertybrand.com:7876163469381,closure,0.6,2,,not_applicable
shopify:fahertybrand.com:7876163469381,collar_type,0.6,2,none,labeled
shopify:fahertybrand.com:7876163829829,details,0.6,2,"[""washed""]",labeled
shopify:fahertybrand.com:7876163829829,occasion,0.6,2,,unknown
shopify:fahertybrand.com:8021056323653,details,0.6,2,"[""none""]",labeled
shopify:fahertybrand.com:8021056323653,fit,0.6,2,,unknown
shopify:fahertybrand.com:8021056323653,waistline,0.6,3,,unknown
shopify:fahertybrand.com:8021060747333,details,0.6,2,,unknown
shopify:fahertybrand.com:8021060812869,collar_type,0.6,2,shirt,labeled
shopify:fahertybrand.com:8021060812869,garment_length,0.6,2,,unknown
shopify:fahertybrand.com:8021060812869,sleeve_style,0.6,2,,unknown
shopify:fahertybrand.com:8021060812869,waistline,0.6,2,none,labeled
shopify:fahertybrand.com:8021062516805,details,0.6,2,,unknown
shopify:fahertybrand.com:8021062516805,sleeve_style,0.6,2,,unknown
shopify:fahertybrand.com:8021062516805,waistline,0.6,3,,not_applicable
shopify:fahertybrand.com:8021113733189,colour_primary,0.6,2,multicolour,labeled
shopify:fahertybrand.com:8021113733189,waistline,0.6,2,normal,labeled
shopify:fahertybrand.com:8021113798725,details,0.6,2,,unknown
shopify:fahertybrand.com:8021113798725,occasion,0.6,2,,unknown
shopify:fahertybrand.com:8021114224709,details,0.6,3,,unknown
shopify:fahertybrand.com:8021114224709,pattern,0.6,2,,unknown
shopify:fahertybrand.com:8021114617925,collar_type,0.6,2,,unknown
shopify:fahertybrand.com:8021114617925,garment_length,0.6,2,,unknown
shopify:fahertybrand.com:8021114617925,pattern,0.6,2,,unknown
shopify:fahertybrand.com:8112424550469,silhouette,0.6,2,,unknown
shopify:fahertybrand.com:8112424550469,waistline,0.6,2,,not_applicable
shopify:fahertybrand.com:8164247273541,closure,0.6,2,pullover,labeled
shopify:fahertybrand.com:8164247273541,sleeve_length,0.6,2,short,labeled
shopify:fahertybrand.com:8164247273541,sleeve_style,0.6,3,,unknown
shopify:fahertybrand.com:8164247273541,waistline,0.6,2,none,labeled
shopify:ministryofsupply.com:7395695820875,collar_type,0.6,2,,unknown
shopify:ministryofsupply.com:7395695820875,details,0.6,2,,unknown
shopify:ministryofsupply.com:7395695820875,neckline,0.6,2,,unknown
shopify:ministryofsupply.com:7395695820875,occasion,0.6,2,,unknown
shopify:ministryofsupply.com:7397342609483,details,0.6,2,,unknown
shopify:ministryofsupply.com:7397342609483,occasion,0.6,2,,unknown
shopify:ministryofsupply.com:7397342609483,waistline,0.6,2,,unknown
shopify:ministryofsupply.com:7397378654283,neckline,0.6,2,,unknown
shopify:ministryofsupply.com:7397378654283,pattern,0.6,2,,unknown
shopify:ministryofsupply.com:7397378654283,waistline,0.6,2,,unknown
shopify:ministryofsupply.com:7399376355403,garment_length,0.6,2,,unknown
shopify:ministryofsupply.com:7406909849675,details,0.6,3,,unknown
shopify:ministryofsupply.com:7406909849675,occasion,0.6,2,,unknown
shopify:ministryofsupply.com:7483396096075,collar_type,0.6,2,,unknown
shopify:ministryofsupply.com:7483396096075,details,0.6,3,,unknown
shopify:ministryofsupply.com:7483396096075,waistline,0.6,3,,unknown
shopify:naadam.co:6619045298272,neckline,0.6,2,,unknown
shopify:naadam.co:6619045298272,waistline,0.6,3,none,labeled
shopify:naadam.co:6663311982688,colour_primary,0.6,2,,unknown
shopify:naadam.co:6663311982688,sleeve_style,0.6,2,,unknown
shopify:naadam.co:6835720388704,occasion,0.6,2,casual,labeled
shopify:naadam.co:6835720388704,waistline,0.6,2,,not_applicable
shopify:naadam.co:6835720585312,waistline,0.6,2,,unknown
shopify:naadam.co:6835721404512,details,0.6,2,,unknown
shopify:naadam.co:6835721404512,occasion,0.6,2,,unknown
shopify:naadam.co:6835721404512,pattern,0.6,2,solid,labeled
shopify:naadam.co:6835721404512,sleeve_style,0.6,2,set_in,labeled
shopify:naadam.co:7278783791200,silhouette,0.6,2,,unknown
shopify:naadam.co:7294078058592,colour_primary,0.6,2,black,labeled
shopify:naadam.co:7294078058592,pattern,0.6,2,solid,labeled
shopify:naadam.co:7294078058592,waistline,0.6,3,,not_applicable
shopify:naadam.co:7481340461152,pattern,0.6,2,,unknown
shopify:naadam.co:7481340461152,sleeve_style,0.6,2,,not_applicable
shopify:naadam.co:7481340461152,waistline,0.6,2,none,labeled
shopify:naadam.co:7505739317344,waistline,0.6,3,,not_applicable
shopify:naadam.co:7505739710560,details,0.6,2,,unknown
shopify:naadam.co:7505741021280,closure,0.6,2,,unknown
shopify:naadam.co:7505741021280,collar_type,0.6,2,none,labeled
shopify:naadam.co:7505741021280,details,0.6,2,"[""none""]",labeled
shopify:naadam.co:7505741021280,material,0.6,2,,unknown
shopify:naadam.co:7505741021280,sleeve_style,0.6,2,set_in,labeled
shopify:naadam.co:7505741021280,waistline,0.6,3,none,labeled
shopify:naadam.co:7519922421856,sleeve_length,0.6,2,long,labeled
shopify:naadam.co:7519922421856,waistline,0.6,2,none,labeled
shopify:naadam.co:7529002532960,closure,0.6,2,,unknown
shopify:naadam.co:7529002532960,pattern,0.6,2,,unknown
shopify:naadam.co:7529002532960,waistline,0.6,3,,not_applicable
shopify:naadam.co:7634686476384,details,0.6,2,"[""none""]",labeled
shopify:naadam.co:7634686476384,occasion,0.6,2,,unknown
shopify:naadam.co:7634686476384,sleeve_length,0.6,2,,unknown
shopify:naadam.co:7634686476384,waistline,0.6,3,none,labeled
shopify:naadam.co:7721034481760,waistline,0.6,3,,not_applicable
shopify:www.allbirds.com:6822714867792,closure,0.6,2,,unknown
shopify:www.allbirds.com:6822714867792,details,0.6,3,,not_applicable
shopify:www.allbirds.com:6859425120336,closure,0.6,2,pullover,labeled
shopify:www.allbirds.com:6859425120336,collar_type,0.6,2,,unknown
shopify:www.allbirds.com:6859425120336,details,0.6,2,"[""none""]",labeled
shopify:www.allbirds.com:6859425120336,waistline,0.6,2,none,labeled
shopify:www.allbirds.com:7009927430224,details,0.6,3,,unknown
shopify:www.allbirds.com:7009927430224,fit,0.6,2,,unknown
shopify:www.allbirds.com:7010120368208,material,0.6,2,synthetic,labeled
shopify:www.allbirds.com:7082681008208,fit,0.6,2,,not_applicable
shopify:www.allbirds.com:7082681008208,occasion,0.6,2,athletic,labeled
shopify:www.allbirds.com:7082681008208,pattern,0.6,2,,not_applicable
shopify:www.allbirds.com:7188364329040,closure,0.6,2,,not_applicable
shopify:www.allbirds.com:7188364329040,details,0.6,3,,not_applicable
shopify:www.allbirds.com:7193758498896,details,0.6,2,,not_applicable
shopify:www.allbirds.com:7193758498896,occasion,0.6,2,casual,labeled
shopify:www.allbirds.com:7193763905616,closure,0.6,2,,unknown
shopify:www.allbirds.com:7193763905616,details,0.6,3,,unknown
shopify:www.allbirds.com:7193763905616,material,0.6,2,,unknown
shopify:www.allbirds.com:7199672238160,material,0.6,2,synthetic,labeled
shopify:www.allbirds.com:7205194924112,material,0.6,2,,unknown
shopify:www.allbirds.com:7215631466576,pattern,0.6,3,,unknown
shopify:www.allbirds.com:7257961955408,fit,0.6,2,,not_applicable
shopify:www.american-giant.com:10182349127861,occasion,0.6,2,,unknown
shopify:www.american-giant.com:10251466014901,pattern,0.6,2,solid,labeled
shopify:www.american-giant.com:10251478794421,details,0.6,2,[],not_applicable
shopify:www.american-giant.com:10251480006837,waistline,0.6,2,,not_applicable
shopify:www.american-giant.com:10297735479477,sleeve_length,0.6,2,sleeveless,labeled
shopify:www.american-giant.com:10312474919093,neckline,0.6,2,,unknown
shopify:www.american-giant.com:10341502386357,occasion,0.6,2,,unknown
shopify:www.american-giant.com:10341502582965,colour_primary,0.6,2,grey,labeled
shopify:www.american-giant.com:10341502582965,sleeve_style,0.6,2,set_in,labeled
shopify:www.american-giant.com:10341502582965,waistline,0.6,3,,not_applicable
shopify:www.american-giant.com:10341503107253,details,0.6,2,,unknown
shopify:www.american-giant.com:10341503107253,neckline,0.6,2,,unknown
shopify:www.american-giant.com:10341503434933,material,0.6,2,,unknown
shopify:www.american-giant.com:10341503434933,waistline,0.6,3,,unknown
shopify:www.american-giant.com:10362935935157,details,0.6,3,,unknown
shopify:www.american-giant.com:10362936918197,closure,0.6,2,,unknown
shopify:www.american-giant.com:10362936918197,waistline,0.6,2,none,labeled
shopify:www.american-giant.com:10362937737397,waistline,0.6,2,,not_applicable
shopify:www.american-giant.com:10390733095093,closure,0.6,2,,unknown
shopify:www.american-giant.com:10390733095093,collar_type,0.6,2,,unknown
shopify:www.american-giant.com:10390733095093,occasion,0.6,2,,unknown
shopify:www.american-giant.com:10414088716469,occasion,0.6,2,,unknown
shopify:www.american-giant.com:10414088716469,pattern,0.6,3,,unknown
shopify:www.american-giant.com:10470705594549,sleeve_length,0.6,2,,unknown
shopify:www.american-giant.com:10470705594549,waistline,0.6,2,none,labeled
shopify:www.american-giant.com:6278685950133,closure,0.6,2,pullover,labeled
shopify:www.american-giant.com:6278685950133,collar_type,0.6,2,none,labeled
shopify:www.american-giant.com:6278685950133,pattern,0.6,2,,unknown
shopify:www.american-giant.com:6278685950133,sleeve_style,0.6,2,,unknown
shopify:www.american-giant.com:6278685950133,waistline,0.6,2,none,labeled
shopify:www.american-giant.com:6732639764661,closure,0.6,2,pullover,labeled
shopify:www.american-giant.com:6732639764661,details,0.6,3,"[""none""]",labeled
shopify:www.american-giant.com:6732639764661,occasion,0.6,2,casual,labeled
shopify:www.american-giant.com:6732639764661,pattern,0.6,2,,unknown
shopify:www.american-giant.com:6732639764661,waistline,0.6,3,none,labeled
shopify:www.american-giant.com:7135736496309,material,0.6,2,cotton,labeled
shopify:www.american-giant.com:7135736496309,occasion,0.6,2,casual,labeled
shopify:www.american-giant.com:7135736496309,silhouette,0.6,3,straight,labeled
shopify:www.american-giant.com:7135736496309,sleeve_style,0.6,2,set_in,labeled
shopify:www.american-giant.com:7135736496309,waistline,0.6,2,none,labeled
shopify:www.american-giant.com:7135738167477,closure,0.6,3,,unknown
shopify:www.american-giant.com:7135738167477,details,0.6,3,"[""none""]",labeled
shopify:www.american-giant.com:7135738167477,sleeve_style,0.6,2,set_in,labeled
shopify:www.american-giant.com:7393077395637,closure,0.6,3,pullover,labeled
shopify:www.american-giant.com:7393077395637,details,0.6,3,,unknown
shopify:www.american-giant.com:7393078870197,closure,0.6,2,pullover,labeled
shopify:www.american-giant.com:7393078870197,sleeve_style,0.6,2,,unknown
shopify:www.american-giant.com:7478547382453,occasion,0.6,2,casual,labeled
shopify:www.american-giant.com:7482388938933,details,0.6,2,,unknown
shopify:www.american-giant.com:7482388938933,occasion,0.6,2,,unknown
shopify:www.american-giant.com:7653235884213,colour_primary,0.6,2,multicolour,labeled
shopify:www.american-giant.com:7653235884213,occasion,0.6,2,,unknown
shopify:www.american-giant.com:7653236211893,waistline,0.6,2,none,labeled
shopify:www.american-giant.com:7881986408629,collar_type,0.6,2,,unknown
shopify:www.american-giant.com:7881986408629,sleeve_style,0.6,2,,unknown
shopify:www.american-giant.com:7954882953397,closure,0.6,2,pullover,labeled
shopify:www.american-giant.com:7954882953397,details,0.6,3,"[""none""]",labeled
shopify:www.american-giant.com:7954882953397,material,0.6,2,,unknown
shopify:www.american-giant.com:7954882953397,occasion,0.6,2,casual,labeled
shopify:www.american-giant.com:7954882953397,pattern,0.6,2,,unknown
shopify:www.american-giant.com:7954882953397,sleeve_style,0.6,2,,unknown
shopify:www.american-giant.com:7954882953397,waistline,0.6,3,none,labeled
shopify:www.american-giant.com:7954884821173,colour_primary,0.6,2,brown,labeled
shopify:www.everlane.com:7784906686550,fit,0.6,2,loose,labeled
shopify:www.everlane.com:7784906686550,sleeve_style,0.6,2,,unknown
shopify:www.everlane.com:7784906784854,occasion,0.6,2,,unknown
shopify:www.everlane.com:7784906784854,pattern,0.6,2,solid,labeled
shopify:www.everlane.com:7790982398038,silhouette,0.6,2,,unknown
shopify:www.everlane.com:7790982398038,sleeve_length,0.6,2,short,labeled
shopify:www.everlane.com:7790982496342,details,0.6,2,"[""none""]",labeled
shopify:www.everlane.com:7790982496342,sleeve_style,0.6,2,,unknown
shopify:www.everlane.com:7790982529110,details,0.6,2,,unknown
shopify:www.everlane.com:7790982529110,occasion,0.6,2,,unknown
shopify:www.everlane.com:7791015362646,details,0.6,2,"[""none""]",labeled
shopify:www.everlane.com:7791015362646,waistline,0.6,3,none,labeled
shopify:www.everlane.com:7823763374166,closure,0.6,2,,not_applicable
shopify:www.everlane.com:7823763374166,details,0.6,2,,unknown
shopify:www.everlane.com:7823763374166,occasion,0.6,2,casual,labeled
shopify:www.everlane.com:7823763374166,pattern,0.6,2,,unknown
shopify:www.everlane.com:7823763374166,sleeve_style,0.6,2,,not_applicable
shopify:www.everlane.com:7825077698646,details,0.6,2,,unknown
shopify:www.everlane.com:7825077698646,occasion,0.6,2,casual,labeled
shopify:www.everlane.com:7827412582486,details,0.6,2,,unknown
shopify:www.everlane.com:7827412582486,occasion,0.6,2,casual,labeled
shopify:www.everlane.com:7827412582486,waistline,0.6,3,,unknown
shopify:www.everlane.com:7827422609494,closure,0.6,2,pullover,labeled
shopify:www.everlane.com:7827422773334,pattern,0.6,2,solid,labeled
shopify:www.everlane.com:7827422773334,silhouette,0.6,2,straight,labeled
shopify:www.everlane.com:7827422871638,closure,0.6,2,pullover,labeled
shopify:www.everlane.com:7827422871638,details,0.6,3,,unknown
shopify:www.everlane.com:7827422871638,occasion,0.6,2,,unknown
shopify:www.everlane.com:7827422871638,pattern,0.6,2,solid,labeled
shopify:www.everlane.com:7827422871638,silhouette,0.6,2,,unknown
shopify:www.everlane.com:7827422904406,closure,0.6,3,,unknown
shopify:www.everlane.com:7827422904406,occasion,0.6,2,casual,labeled
shopify:www.everlane.com:7827422904406,pattern,0.6,2,,unknown
shopify:www.everlane.com:7827422904406,sleeve_style,0.6,2,,unknown
shopify:www.everlane.com:7830716547158,closure,0.6,2,,unknown
shopify:www.everlane.com:7830716547158,details,0.6,2,"[""none""]",labeled
shopify:www.everlane.com:7830716547158,occasion,0.6,2,casual,labeled
shopify:www.everlane.com:7830716547158,waistline,0.6,3,none,labeled
shopify:www.everlane.com:7830716645462,closure,0.6,3,,unknown
shopify:www.everlane.com:7830716645462,details,0.6,3,,unknown
shopify:www.everlane.com:7830716645462,occasion,0.6,2,,unknown
shopify:www.everlane.com:7830716678230,pattern,0.6,2,,unknown
shopify:www.everlane.com:7841450819670,occasion,0.6,2,casual,labeled
shopify:www.everlane.com:7841451704406,details,0.6,3,,unknown
shopify:www.everlane.com:7841451704406,pattern,0.6,2,,unknown
shopify:www.everlane.com:7841850622038,closure,0.6,2,pullover,labeled
shopify:www.everlane.com:7841850622038,pattern,0.6,2,,unknown
shopify:www.everlane.com:7841851211862,details,0.6,3,"[""none""]",labeled
shopify:www.everlane.com:7841851211862,occasion,0.6,2,,unknown
shopify:www.everlane.com:7841851211862,pattern,0.6,2,solid,labeled
shopify:www.everlane.com:7841851211862,sleeve_length,0.6,2,,unknown
shopify:www.everlane.com:7841880768598,occasion,0.6,2,beach,labeled
shopify:www.everlane.com:7849644294230,details,0.6,2,,unknown
shopify:www.everlane.com:7854695415894,waistline,0.6,3,none,labeled
shopify:www.everlane.com:7855408185430,closure,0.6,2,,unknown
shopify:www.everlane.com:7855408185430,pattern,0.6,2,solid,labeled
shopify:www.everlane.com:7855408185430,sleeve_style,0.6,2,set_in,labeled
shopify:www.everlane.com:7859023347798,details,0.6,2,,unknown
shopify:www.everlane.com:7859754729558,details,0.6,2,"[""none""]",labeled
shopify:www.everlane.com:7859754729558,pattern,0.6,2,,unknown
shopify:www.everlane.com:7859755221078,details,0.6,2,"[""none""]",labeled
shopify:www.everlane.com:7859755221078,sleeve_style,0.6,2,,unknown
shopify:www.everlane.com:7859858538582,details,0.6,3,,unknown
shopify:www.everlane.com:7859858538582,pattern,0.6,2,,unknown
shopify:www.everlane.com:7876792418390,pattern,0.6,2,solid,labeled
shopify:www.everlane.com:7876792418390,silhouette,0.6,2,straight,labeled
shopify:www.everlane.com:7876792418390,sleeve_style,0.6,2,,unknown
shopify:www.everlane.com:7876792418390,waistline,0.6,3,none,labeled
shopify:www.marinelayer.com:8016250339402,details,0.6,2,,unknown
shopify:www.marinelayer.com:8016250339402,waistline,0.6,3,,unknown
shopify:www.marinelayer.com:8016253255754,details,0.6,2,,unknown
shopify:www.marinelayer.com:8016253780042,waistline,0.6,2,,unknown
shopify:www.marinelayer.com:8084567130186,material,0.6,2,,unknown
shopify:www.marinelayer.com:8084567294026,closure,0.6,2,,unknown
shopify:www.marinelayer.com:8084567294026,collar_type,0.6,2,,unknown
shopify:www.marinelayer.com:8084567294026,sleeve_style,0.6,2,,not_applicable
shopify:www.marinelayer.com:8084567294026,waistline,0.6,2,none,labeled
shopify:www.marinelayer.com:8084572864586,neckline,0.6,2,,unknown
shopify:www.marinelayer.com:8084572864586,waistline,0.6,2,,not_applicable
shopify:www.marinelayer.com:8084577026122,closure,0.6,2,,unknown
shopify:www.marinelayer.com:8110969716810,closure,0.6,2,pullover,labeled
shopify:www.marinelayer.com:8110969716810,occasion,0.6,2,casual,labeled
shopify:www.marinelayer.com:8110969716810,sleeve_style,0.6,2,set_in,labeled
shopify:www.marinelayer.com:8110980005962,material,0.6,2,,unknown
shopify:www.marinelayer.com:8110980005962,occasion,0.6,2,,unknown
shopify:www.marinelayer.com:8110980005962,waistline,0.6,2,none,labeled
shopify:www.marinelayer.com:8119891525706,garment_category,0.6,2,sweater,labeled
shopify:www.marinelayer.com:8119891525706,neckline,0.6,2,,unknown
shopify:www.marinelayer.com:8119891525706,occasion,0.6,2,casual,labeled
shopify:www.marinelayer.com:8119891525706,pattern,0.6,2,,unknown
shopify:www.marinelayer.com:8175109341258,closure,0.6,2,single_breasted,labeled
shopify:www.marinelayer.com:8175109767242,details,0.6,2,,unknown
shopify:www.marinelayer.com:8175109767242,material,0.6,2,,unknown
shopify:www.marinelayer.com:8175112912970,waistline,0.6,3,,unknown
shopify:www.marinelayer.com:8175117729866,waistline,0.6,3,,unknown
shopify:www.marinelayer.com:8192795443274,occasion,0.6,2,casual,labeled
shopify:www.marinelayer.com:8192795443274,waistline,0.6,3,none,labeled
shopify:www.outdoorvoices.com:7585332625486,closure,0.6,2,pullover,labeled
shopify:www.outdoorvoices.com:7585332625486,details,0.6,3,,unknown
shopify:www.outdoorvoices.com:7585332625486,material,0.6,3,,unknown
shopify:www.outdoorvoices.com:7585332625486,sleeve_style,0.6,2,set_in,labeled
shopify:www.outdoorvoices.com:7585342488654,waistline,0.6,3,,not_applicable
shopify:www.outdoorvoices.com:7656493187150,garment_length,0.6,2,above_knee,labeled
shopify:www.outdoorvoices.com:7769237389390,occasion,0.6,2,casual,labeled
shopify:www.outdoorvoices.com:7884854034510,fit,0.6,2,,unknown
shopify:www.outdoorvoices.com:7884854034510,material,0.6,2,,unknown
shopify:www.rothys.com:7168895287390,fit,0.6,2,,unknown
shopify:www.rothys.com:7168895287390,pattern,0.6,2,solid,labeled
shopify:www.rothys.com:7271457980510,occasion,0.6,2,,unknown
shopify:www.rothys.com:7307304042590,garment_category,0.6,2,other,labeled
shopify:www.rothys.com:7374031093854,closure,0.6,2,,not_applicable
shopify:www.rothys.com:7374031093854,details,0.6,3,,unknown
shopify:www.rothys.com:7568894099550,closure,0.6,3,,not_applicable
shopify:www.rothys.com:7568894099550,fit,0.6,2,,not_applicable
shopify:www.rothys.com:7568894099550,material,0.6,2,knit,labeled
shopify:www.rothys.com:7568894099550,occasion,0.6,2,casual,labeled
shopify:www.rothys.com:7575209934942,details,0.6,3,,unknown
shopify:www.rothys.com:7575209934942,pattern,0.6,2,solid,labeled
shopify:www.rothys.com:7597342752862,material,0.6,2,,unknown
shopify:www.rothys.com:7597342752862,occasion,0.6,2,casual,labeled
shopify:www.rothys.com:7598877933662,details,0.6,3,"[""none""]",labeled
shopify:www.rothys.com:7598877933662,material,0.6,2,,unknown
shopify:www.rothys.com:7616250445918,details,0.6,3,,unknown
shopify:www.rothys.com:7616295895134,closure,0.6,2,,unknown
shopify:www.rothys.com:7616295895134,colour_primary,0.6,2,green,labeled
shopify:www.rothys.com:7616295895134,occasion,0.6,2,,unknown
shopify:www.rothys.com:7636126072926,pattern,0.6,2,solid,labeled
shopify:www.taylorstitch.com:6886866288717,colour_primary,0.6,2,navy,labeled
shopify:www.taylorstitch.com:6886866288717,occasion,0.6,2,casual,labeled
shopify:www.taylorstitch.com:6886866288717,sleeve_style,0.6,2,set_in,labeled
shopify:www.taylorstitch.com:6886866288717,waistline,0.6,2,none,labeled
shopify:www.taylorstitch.com:6990338359373,sleeve_style,0.6,2,,unknown
shopify:www.taylorstitch.com:6990338359373,waistline,0.6,2,none,labeled
shopify:www.taylorstitch.com:7115849891917,neckline,0.6,2,,unknown
shopify:www.taylorstitch.com:7115849891917,waistline,0.6,3,none,labeled
shopify:www.taylorstitch.com:7115852972109,closure,0.6,2,,unknown
shopify:www.taylorstitch.com:7115852972109,collar_type,0.6,2,none,labeled
shopify:www.taylorstitch.com:7115852972109,neckline,0.6,2,,unknown
shopify:www.taylorstitch.com:7355708899405,waistline,0.6,2,,unknown
shopify:www.taylorstitch.com:7355709980749,collar_type,0.6,2,shirt,labeled
shopify:www.taylorstitch.com:7355710505037,sleeve_style,0.6,2,,unknown
shopify:www.taylorstitch.com:7355710505037,waistline,0.6,3,none,labeled
shopify:www.taylorstitch.com:7391322308685,pattern,0.6,2,solid,labeled
shopify:www.taylorstitch.com:7391322308685,sleeve_length,0.6,2,long,labeled
shopify:www.taylorstitch.com:7391322308685,waistline,0.6,2,none,labeled
shopify:www.taylorstitch.com:7454611013709,closure,0.6,2,single_breasted,labeled
shopify:www.taylorstitch.com:7454611013709,pattern,0.6,2,,unknown
shopify:www.taylorstitch.com:7454611013709,waistline,0.6,3,,unknown
shopify:www.taylorstitch.com:7454612258893,waistline,0.6,2,none,labeled
shopify:www.taylorstitch.com:7454613241933,sleeve_length,0.6,2,,unknown
shopify:www.taylorstitch.com:7454613241933,waistline,0.6,2,,not_applicable
shopify:www.taylorstitch.com:7454613798989,closure,0.6,2,,unknown
shopify:www.taylorstitch.com:7454613798989,collar_type,0.6,2,none,labeled
shopify:www.taylorstitch.com:7454613798989,occasion,0.6,2,casual,labeled
shopify:www.taylorstitch.com:7454613798989,waistline,0.6,2,,unknown
shopify:www.taylorstitch.com:7523415916621,pattern,0.6,2,,unknown
shopify:www.taylorstitch.com:7523415916621,sleeve_length,0.6,2,long,labeled
shopify:www.taylorstitch.com:7524263166029,collar_type,0.6,2,,not_applicable
shopify:www.taylorstitch.com:7524263166029,waistline,0.6,3,,not_applicable
shopify:www.taylorstitch.com:7579180630093,sleeve_style,0.6,2,,unknown
shopify:www.taylorstitch.com:7579180793933,colour_primary,0.6,2,navy,labeled
shopify:www.taylorstitch.com:7579180793933,pattern,0.6,2,,unknown
shopify:www.taylorstitch.com:7579180793933,silhouette,0.6,2,,unknown
shopify:www.taylorstitch.com:7579180793933,sleeve_style,0.6,2,set_in,labeled
shopify:www.taylorstitch.com:7579180793933,waistline,0.6,2,,not_applicable
shopify:www.taylorstitch.com:7579183251533,details,0.6,2,"[""washed""]",labeled
shopify:www.taylorstitch.com:7579183251533,silhouette,0.6,2,straight,labeled
shopify:www.taylorstitch.com:7579183251533,sleeve_style,0.6,2,set_in,labeled
shopify:www.taylorstitch.com:7579183251533,waistline,0.6,3,none,labeled
shopify:www.taylorstitch.com:7579184889933,details,0.6,2,"[""none""]",labeled
shopify:www.taylorstitch.com:7579184889933,silhouette,0.6,2,straight,labeled
shopify:www.taylorstitch.com:7579184889933,sleeve_length,0.6,2,,unknown
shopify:www.taylorstitch.com:7579256258637,closure,0.6,2,pullover,labeled
shopify:www.taylorstitch.com:7579256258637,collar_type,0.6,2,none,labeled
shopify:www.taylorstitch.com:7596326092877,collar_type,0.6,3,none,labeled
shopify:www.taylorstitch.com:7596326092877,neckline,0.6,2,,unknown
shopify:www.taylorstitch.com:7596326092877,sleeve_style,0.6,2,,unknown
shopify:www.taylorstitch.com:7645558538317,occasion,0.6,2,casual,labeled
shopify:www.taylorstitch.com:7645558538317,pattern,0.6,2,,unknown
shopify:www.taylorstitch.com:7645558538317,sleeve_length,0.6,2,long,labeled
shopify:www.taylorstitch.com:7645558538317,sleeve_style,0.6,2,set_in,labeled
shopify:www.tentree.com:8106125557946,closure,0.6,2,pullover,labeled
shopify:www.tentree.com:8106125557946,collar_type,0.6,2,none,labeled
shopify:www.tentree.com:8106125557946,colour_primary,0.6,2,multicolour,labeled
shopify:www.tentree.com:8143546286266,collar_type,0.6,2,none,labeled
shopify:www.tentree.com:8143546286266,details,0.6,2,"[""none""]",labeled
shopify:www.tentree.com:8143546286266,waistline,0.6,2,none,labeled
shopify:www.tentree.com:8143564112058,sleeve_style,0.6,2,,unknown
shopify:www.tentree.com:8216161550522,collar_type,0.6,2,none,labeled
shopify:www.tentree.com:8322435875002,details,0.6,2,,unknown
shopify:www.tentree.com:8322451243194,collar_type,0.6,2,none,labeled
shopify:www.tentree.com:8322451243194,waistline,0.6,3,none,labeled
shopify:www.tentree.com:8322453373114,garment_category,0.6,2,sweater,labeled
shopify:www.tentree.com:8322453373114,waistline,0.6,2,,unknown
shopify:www.tentree.com:8322455830714,garment_category,0.6,2,sweater,labeled
shopify:www.tentree.com:8360508686522,closure,0.6,2,pullover,labeled
shopify:www.tentree.com:8360508686522,collar_type,0.6,2,,unknown
shopify:www.tentree.com:8360508686522,details,0.6,3,,unknown
shopify:www.tentree.com:8360518353082,waistline,0.6,3,,unknown
shopify:www.tentree.com:8360519368890,closure,0.6,2,,unknown
shopify:www.tentree.com:8360519368890,colour_primary,0.6,2,multicolour,labeled
shopify:www.tentree.com:8360519368890,sleeve_length,0.6,2,,unknown
shopify:www.tentree.com:8360519368890,waistline,0.6,3,,not_applicable
shopify:www.thursdayboots.com:4569912705114,fit,0.6,2,,not_applicable
shopify:www.thursdayboots.com:6826624942170,fit,0.6,2,,not_applicable
shopify:www.thursdayboots.com:6860805079130,details,0.6,3,"[""lined""]",labeled
shopify:www.thursdayboots.com:6880251281498,sleeve_style,0.6,2,,unknown
shopify:www.thursdayboots.com:6880251281498,waistline,0.6,2,,unknown
shopify:www.thursdayboots.com:7035445182554,pattern,0.6,2,,unknown
shopify:www.thursdayboots.com:7035445182554,waistline,0.6,2,,unknown
shopify:www.thursdayboots.com:7303124058202,occasion,0.6,3,,not_applicable
shopify:www.thursdayboots.com:7305610887258,closure,0.6,2,pullover,labeled
shopify:www.thursdayboots.com:7305610887258,pattern,0.6,3,,unknown
shopify:www.thursdayboots.com:7312242770010,closure,0.6,2,,not_applicable
shopify:www.thursdayboots.com:7312242770010,colour_primary,0.6,2,brown,labeled
shopify:www.thursdayboots.com:7312242770010,details,0.6,2,,not_applicable
shopify:www.thursdayboots.com:7312382230618,silhouette,0.6,2,,unknown
shopify:www.thursdayboots.com:7312382230618,sleeve_style,0.6,2,,unknown
shopify:www.thursdayboots.com:7312382230618,waistline,0.6,3,none,labeled
shopify:www.thursdayboots.com:7331567796314,closure,0.6,2,,not_applicable
shopify:www.thursdayboots.com:7331568418906,details,0.6,2,,not_applicable
shopify:www.thursdayboots.com:7333868142682,material,0.6,2,,unknown
shopify:www.thursdayboots.com:7333868142682,pattern,0.6,2,,unknown
shopify:www.thursdayboots.com:7333873090650,pattern,0.6,3,,unknown
shopify:www.thursdayboots.com:7361763147866,occasion,0.6,2,casual,labeled
shopify:www.thursdayboots.com:7361763147866,pattern,0.6,2,,unknown
shopify:www.thursdayboots.com:7361763147866,waistline,0.6,2,,unknown
shopify:www.thursdayboots.com:7371077156954,sleeve_style,0.6,2,,unknown
shopify:www.thursdayboots.com:7373703446618,details,0.6,3,,not_applicable
shopify:www.thursdayboots.com:7373703446618,material,0.6,3,,unknown
shopify:www.thursdayboots.com:7373703446618,pattern,0.6,2,,unknown
shopify:www.thursdayboots.com:7385230344282,details,0.6,2,,not_applicable
shopify:www.thursdayboots.com:7385230344282,material,0.6,2,synthetic,labeled
shopify:www.thursdayboots.com:7386239631450,occasion,0.6,2,casual,labeled
shopify:www.thursdayboots.com:7400100659290,fit,0.6,2,,not_applicable
shopify:www.thursdayboots.com:7416813387866,fit,0.6,2,,unknown
shopify:www.thursdayboots.com:7498354950234,closure,0.6,2,,unknown
shopify:www.thursdayboots.com:7498354950234,occasion,0.6,3,,unknown
shopify:www.thursdayboots.com:7625825026138,closure,0.6,2,,unknown
shopify:www.thursdayboots.com:7625825026138,collar_type,0.6,2,,unknown
shopify:www.thursdayboots.com:7625825026138,occasion,0.6,2,casual,labeled
shopify:www.thursdayboots.com:7625825026138,pattern,0.6,2,solid,labeled
shopify:www.thursdayboots.com:7733079900250,closure,0.6,2,,unknown
shopify:www.thursdayboots.com:7733079900250,fit,0.6,2,,unknown
shopify:www.thursdayboots.com:7786486464602,occasion,0.6,2,,unknown
shopify:www.thursdayboots.com:7804049162330,fit,0.6,2,,unknown
shopify:www.thursdayboots.com:7804049162330,occasion,0.6,2,,unknown
shopify:www.thursdayboots.com:7848729804890,occasion,0.6,2,,unknown
shopify:www.thursdayboots.com:7858471731290,pattern,0.6,2,,unknown
shopify:www.untuckit.com:6878412570702,occasion,0.6,2,,unknown
shopify:www.untuckit.com:6878412570702,waistline,0.6,3,,unknown
shopify:www.untuckit.com:7628200706126,closure,0.6,2,pullover,labeled
shopify:www.untuckit.com:7628200706126,material,0.6,2,,unknown
shopify:www.untuckit.com:7628200706126,waistline,0.6,2,,not_applicable
shopify:www.untuckit.com:7632842227790,waistline,0.6,3,,not_applicable
shopify:www.untuckit.com:7670058877006,closure,0.6,2,pullover,labeled
shopify:www.untuckit.com:7670058877006,details,0.6,2,,unknown
shopify:www.untuckit.com:7670058877006,occasion,0.6,2,casual,labeled
shopify:www.untuckit.com:7670058877006,pattern,0.6,2,,unknown
shopify:www.untuckit.com:7670058877006,waistline,0.6,2,none,labeled
shopify:www.untuckit.com:7713738915918,pattern,0.6,2,,unknown
shopify:www.untuckit.com:7713738915918,sleeve_style,0.6,2,,unknown
shopify:www.untuckit.com:7713738915918,waistline,0.6,2,none,labeled
shopify:www.untuckit.com:7769571819598,details,0.6,3,"[""none""]",labeled
shopify:www.untuckit.com:7769571819598,material,0.6,2,synthetic,labeled
shopify:www.untuckit.com:7769571819598,waistline,0.6,3,,not_applicable
shopify:www.untuckit.com:7787621318734,closure,0.6,2,single_breasted,labeled
shopify:www.untuckit.com:7787621318734,colour_primary,0.6,3,,unknown
shopify:www.untuckit.com:7787621318734,occasion,0.6,2,,unknown
shopify:www.untuckit.com:7828360429646,pattern,0.6,2,solid,labeled
shopify:www.untuckit.com:7828360429646,sleeve_style,0.6,2,,unknown
shopify:www.untuckit.com:7828360527950,details,0.6,2,,unknown
shopify:www.untuckit.com:7828360527950,sleeve_style,0.6,2,set_in,labeled
shopify:www.untuckit.com:7853403177038,occasion,0.6,2,,unknown
shopify:www.untuckit.com:7853403177038,pattern,0.6,2,solid,labeled
shopify:www.untuckit.com:7853403668558,waistline,0.6,2,none,labeled
shopify:www.untuckit.com:7861509317,waistline,0.6,2,,not_applicable
shopify:www.untuckit.com:7861509509,sleeve_style,0.6,2,,unknown
shopify:fahertybrand.com:6781247160389,details,0.6667,2,,unknown
shopify:fahertybrand.com:6781247160389,garment_length,0.6667,2,,unknown
shopify:fahertybrand.com:6781247160389,occasion,0.6667,2,,unknown
shopify:fahertybrand.com:6781247160389,pattern,0.6667,2,solid,labeled
shopify:fahertybrand.com:6781247160389,silhouette,0.6667,2,,unknown
shopify:fahertybrand.com:6781247160389,sleeve_style,0.6667,2,,unknown
shopify:fahertybrand.com:6781247160389,waistline,0.6667,2,none,labeled
shopify:fahertybrand.com:8021058519109,colour_primary,0.6667,2,pink,labeled
shopify:fahertybrand.com:8021058519109,details,0.6667,2,,unknown
shopify:fahertybrand.com:8021058519109,garment_length,0.6667,2,,unknown
shopify:fahertybrand.com:8021058519109,neckline,0.6667,2,,unknown
shopify:fahertybrand.com:8021058519109,occasion,0.6667,2,casual,labeled
shopify:fahertybrand.com:8021058519109,sleeve_style,0.6667,2,,unknown
shopify:fahertybrand.com:8021058519109,waistline,0.6667,2,,not_applicable
shopify:www.everlane.com:7855408119894,closure,0.6667,2,,unknown
shopify:www.everlane.com:7855408119894,details,0.6667,2,,unknown
shopify:www.everlane.com:7855408119894,pattern,0.6667,2,,unknown
shopify:www.everlane.com:7855408119894,waistline,0.6667,2,none,labeled
shopify:www.tentree.com:8326295126202,colour_primary,0.6667,2,beige,labeled
shopify:www.tentree.com:8326295126202,details,0.6667,2,,not_applicable
shopify:www.tentree.com:8326295126202,neckline,0.6667,2,,unknown
shopify:www.tentree.com:8326295126202,occasion,0.6667,2,,unknown
shopify:www.tentree.com:8326295126202,sleeve_style,0.6667,2,,unknown
shopify:www.tentree.com:8326295126202,waistline,0.6667,2,,unknown
shopify:fahertybrand.com:7876153606213,details,0.75,2,"[""none""]",labeled
shopify:fahertybrand.com:7876153606213,garment_length,0.75,2,,unknown
shopify:fahertybrand.com:7876153606213,sleeve_style,0.75,2,,unknown
shopify:fahertybrand.com:7876153606213,waistline,0.75,2,none,labeled
shopify:fahertybrand.com:7876156948549,details,0.75,2,"[""none""]",labeled
shopify:fahertybrand.com:7876156948549,silhouette,0.75,2,straight,labeled
shopify:fahertybrand.com:7876156948549,waistline,0.75,2,none,labeled
shopify:fahertybrand.com:8021058486341,material,0.75,2,cotton,labeled
shopify:fahertybrand.com:8021058486341,occasion,0.75,2,casual,labeled
shopify:fahertybrand.com:8021058486341,waistline,0.75,2,none,labeled
shopify:fahertybrand.com:8021060321349,neckline,0.75,2,,unknown
shopify:fahertybrand.com:8021060321349,silhouette,0.75,2,,unknown
shopify:fahertybrand.com:8021060649029,garment_length,0.75,2,,unknown
shopify:fahertybrand.com:8021060649029,material,0.75,2,linen,labeled
shopify:fahertybrand.com:8021060649029,waistline,0.75,2,none,labeled
shopify:fahertybrand.com:8021062123589,garment_length,0.75,2,,unknown
shopify:fahertybrand.com:8021062123589,pattern,0.75,2,,unknown
shopify:fahertybrand.com:8021062123589,sleeve_length,0.75,2,long,labeled
shopify:fahertybrand.com:8021062123589,sleeve_style,0.75,2,,unknown
shopify:fahertybrand.com:8021062123589,waistline,0.75,2,none,labeled
shopify:naadam.co:6620058320992,closure,0.75,2,,unknown
shopify:naadam.co:6620058320992,collar_type,0.75,2,shirt,labeled
shopify:naadam.co:6620058320992,details,0.75,2,,unknown
shopify:naadam.co:6620058320992,occasion,0.75,2,,unknown
shopify:naadam.co:7294139891808,colour_primary,0.75,2,,unknown
shopify:naadam.co:7294139891808,details,0.75,2,"[""none""]",labeled
shopify:naadam.co:7294139891808,garment_length,0.75,2,,unknown
shopify:naadam.co:7294139891808,pattern,0.75,2,solid,labeled
shopify:naadam.co:7294139891808,silhouette,0.75,2,,unknown
shopify:naadam.co:7294196842592,garment_length,0.75,2,,unknown
shopify:naadam.co:7294196842592,pattern,0.75,2,,unknown
shopify:naadam.co:7294196842592,silhouette,0.75,2,,unknown
shopify:naadam.co:7294196842592,waistline,0.75,2,,unknown
shopify:naadam.co:7505740169312,waistline,0.75,2,,unknown
shopify:naadam.co:7668949647456,fit,0.75,2,oversized,labeled
shopify:naadam.co:7668949647456,occasion,0.75,2,casual,labeled
shopify:naadam.co:7668949647456,pattern,0.75,2,solid,labeled
shopify:naadam.co:7668949647456,silhouette,0.75,2,straight,labeled
shopify:naadam.co:7686336282720,details,0.75,2,,unknown
shopify:naadam.co:7686336282720,pattern,0.75,2,solid,labeled
shopify:naadam.co:7686336282720,waistline,0.75,2,none,labeled
shopify:www.american-giant.com:10411200610485,occasion,0.75,2,casual,labeled
shopify:www.american-giant.com:10411200610485,waistline,0.75,2,none,labeled
shopify:www.american-giant.com:7392737001653,colour_primary,0.75,2,blue,labeled
shopify:www.american-giant.com:7392737001653,occasion,0.75,2,,unknown
shopify:www.everlane.com:7784910291030,details,0.75,2,[],not_applicable
shopify:www.everlane.com:7784910291030,sleeve_length,0.75,2,sleeveless,labeled
shopify:www.everlane.com:7784910291030,sleeve_style,0.75,2,,unknown
shopify:www.marinelayer.com:7892037304394,waistline,0.75,2,,unknown
shopify:www.rothys.com:7524437688414,occasion,0.75,2,,unknown
shopify:www.rothys.com:7524437688414,pattern,0.75,2,solid,labeled
shopify:www.taylorstitch.com:7376878403661,details,0.75,2,,unknown
shopify:www.taylorstitch.com:7376878403661,occasion,0.75,2,,unknown
shopify:www.tentree.com:8143571157178,colour_primary,0.75,2,blue,labeled
shopify:www.tentree.com:8143571157178,material,0.75,2,cotton,labeled
shopify:www.tentree.com:8143571157178,neckline,0.75,2,,unknown
shopify:www.tentree.com:8143573254330,closure,0.75,2,pullover,labeled
shopify:www.tentree.com:8143573254330,material,0.75,2,cotton,labeled
shopify:www.thursdayboots.com:7299733225562,closure,0.75,2,,unknown
shopify:www.thursdayboots.com:7299733225562,colour_primary,0.75,2,,unknown
shopify:www.thursdayboots.com:7299733225562,details,0.75,2,"[""lined""]",labeled
shopify:www.thursdayboots.com:7299733225562,occasion,0.75,2,,not_applicable
shopify:www.untuckit.com:6689477957,sleeve_style,0.75,2,set_in,labeled
shopify:www.untuckit.com:6689477957,waistline,0.75,2,none,labeled
shopify:www.untuckit.com:7551358107726,details,0.75,2,,unknown
shopify:www.untuckit.com:7551358107726,garment_length,0.75,2,,unknown
shopify:www.untuckit.com:7670059761742,details,0.75,2,,unknown
shopify:fahertybrand.com:6907236188229,silhouette,0.8,2,,unknown
shopify:fahertybrand.com:6907236188229,sleeve_style,0.8,2,,unknown
shopify:fahertybrand.com:6907236188229,waistline,0.8,2,,unknown
shopify:fahertybrand.com:7485267116101,pattern,0.8,2,,unknown
shopify:fahertybrand.com:7492253909061,collar_type,0.8,2,shirt,labeled
shopify:fahertybrand.com:7492256235589,collar_type,0.8,2,none,labeled
shopify:fahertybrand.com:7492256235589,colour_primary,0.8,2,,unknown
shopify:fahertybrand.com:7492256235589,details,0.8,2,"[""slit""]",labeled
shopify:fahertybrand.com:7503201140805,garment_length,0.8,2,,unknown
shopify:fahertybrand.com:7503201140805,silhouette,0.8,2,,unknown
shopify:fahertybrand.com:7503201140805,waistline,0.8,2,,not_applicable
shopify:fahertybrand.com:7552626753605,waistline,0.8,2,,not_applicable
shopify:fahertybrand.com:7552629309509,closure,0.8,2,single_breasted,labeled
shopify:fahertybrand.com:7552629309509,details,0.8,2,"[""none""]",labeled
shopify:fahertybrand.com:7552629309509,occasion,0.8,2,casual,labeled
shopify:fahertybrand.com:7552629309509,waistline,0.8,2,,unknown
shopify:fahertybrand.com:7653193220165,garment_length,0.8,2,,unknown
shopify:fahertybrand.com:7806931435589,silhouette,0.8,2,,not_applicable
shopify:fahertybrand.com:7821227524165,fit,0.8,2,,unknown
shopify:fahertybrand.com:7821227524165,material,0.8,2,,unknown
shopify:fahertybrand.com:7876090298437,details,0.8,2,"[""none""]",labeled
shopify:fahertybrand.com:7876090298437,sleeve_style,0.8,2,,unknown
shopify:fahertybrand.com:7876155867205,sleeve_style,0.8,2,,unknown
shopify:fahertybrand.com:7876162224197,closure,0.8,2,,unknown
shopify:fahertybrand.com:7876162224197,fit,0.8,2,oversized,labeled
shopify:fahertybrand.com:7876162224197,sleeve_style,0.8,2,,unknown
shopify:fahertybrand.com:7876163469381,details,0.8,2,"[""none""]",labeled
shopify:fahertybrand.com:7876163469381,garment_length,0.8,2,,unknown
shopify:fahertybrand.com:7876163469381,material,0.8,2,synthetic,labeled
shopify:fahertybrand.com:7876163469381,silhouette,0.8,2,,unknown
shopify:fahertybrand.com:7876163829829,collar_type,0.8,2,none,labeled
shopify:fahertybrand.com:7876163829829,pattern,0.8,2,solid,labeled
shopify:fahertybrand.com:7876163829829,waistline,0.8,2,,unknown
shopify:fahertybrand.com:8021055766597,closure,0.8,2,wrap,labeled
shopify:fahertybrand.com:8021055766597,pattern,0.8,2,solid,labeled
shopify:fahertybrand.com:8021055766597,silhouette,0.8,2,shift,labeled
shopify:fahertybrand.com:8021055766597,sleeve_style,0.8,2,set_in,labeled
shopify:fahertybrand.com:8021055766597,waistline,0.8,2,normal,labeled
shopify:fahertybrand.com:8021056323653,pattern,0.8,2,,unknown
shopify:fahertybrand.com:8021060747333,colour_primary,0.8,2,white,labeled
shopify:fahertybrand.com:8021060747333,waistline,0.8,2,none,labeled
shopify:fahertybrand.com:8021060812869,neckline,0.8,2,,unknown
shopify:fahertybrand.com:8021060812869,silhouette,0.8,2,straight,labeled
shopify:fahertybrand.com:8021062516805,silhouette,0.8,2,,unknown
shopify:fahertybrand.com:8021062516805,sleeve_length,0.8,2,long,labeled
shopify:fahertybrand.com:8021113733189,details,0.8,2,,unknown
shopify:fahertybrand.com:8021113798725,silhouette,0.8,2,,unknown
shopify:fahertybrand.com:8021113798725,sleeve_style,0.8,2,,unknown
shopify:fahertybrand.com:8021114224709,closure,0.8,2,pullover,labeled
shopify:fahertybrand.com:8021114224709,collar_type,0.8,2,none,labeled
shopify:fahertybrand.com:8021114224709,sleeve_style,0.8,2,,unknown
shopify:fahertybrand.com:8021114617925,details,0.8,2,"[""none""]",labeled
shopify:fahertybrand.com:8021114617925,occasion,0.8,2,,unknown
shopify:fahertybrand.com:8021114617925,sleeve_style,0.8,2,,not_applicable
shopify:fahertybrand.com:8021115338821,details,0.8,2,,unknown
shopify:fahertybrand.com:8021115338821,fit,0.8,2,loose,labeled
shopify:fahertybrand.com:8021115338821,occasion,0.8,2,,unknown
shopify:fahertybrand.com:8112424550469,neckline,0.8,2,,unknown
shopify:fahertybrand.com:8164247273541,details,0.8,2,"[""washed""]",labeled
shopify:ministryofsupply.com:7395695820875,pattern,0.8,2,,unknown
shopify:ministryofsupply.com:7395695820875,sleeve_style,0.8,2,,unknown
shopify:ministryofsupply.com:7397342609483,collar_type,0.8,2,,unknown
shopify:ministryofsupply.com:7397342609483,pattern,0.8,2,,unknown
shopify:ministryofsupply.com:7399376355403,details,0.8,2,,unknown
shopify:ministryofsupply.com:7406909849675,collar_type,0.8,2,,unknown
shopify:ministryofsupply.com:7406909849675,pattern,0.8,2,,unknown
shopify:ministryofsupply.com:7406909849675,silhouette,0.8,2,,unknown
shopify:ministryofsupply.com:7406909849675,sleeve_style,0.8,2,,unknown
shopify:ministryofsupply.com:7406909849675,waistline,0.8,2,,not_applicable
shopify:ministryofsupply.com:7483396096075,material,0.8,2,,unknown
shopify:ministryofsupply.com:7483396096075,occasion,0.8,2,,unknown
shopify:ministryofsupply.com:7483396096075,pattern,0.8,2,,unknown
shopify:naadam.co:6619045298272,pattern,0.8,2,,unknown
shopify:naadam.co:6619045298272,sleeve_length,0.8,2,,unknown
shopify:naadam.co:6835720388704,closure,0.8,2,,unknown
shopify:naadam.co:6835720388704,details,0.8,2,"[""none""]",labeled
shopify:naadam.co:6835720585312,fit,0.8,2,loose,labeled
shopify:naadam.co:6835720585312,occasion,0.8,2,casual,labeled
shopify:naadam.co:6835720585312,sleeve_length,0.8,2,long,labeled
shopify:naadam.co:6835721404512,neckline,0.8,2,,unknown
shopify:naadam.co:6835721404512,silhouette,0.8,2,,unknown
shopify:naadam.co:7163412185184,collar_type,0.8,2,none,labeled
shopify:naadam.co:7294078058592,occasion,0.8,2,,unknown
shopify:naadam.co:7294078058592,sleeve_style,0.8,2,,not_applicable
shopify:naadam.co:7294139596896,collar_type,0.8,2,,unknown
shopify:naadam.co:7294139596896,garment_length,0.8,2,,unknown
shopify:naadam.co:7294139596896,neckline,0.8,2,,unknown
shopify:naadam.co:7505739317344,details,0.8,2,,unknown
shopify:naadam.co:7505739317344,pattern,0.8,2,,unknown
shopify:naadam.co:7505739710560,closure,0.8,2,,unknown
shopify:naadam.co:7505741152352,details,0.8,2,"[""none""]",labeled
shopify:naadam.co:7505741152352,material,0.8,2,,unknown
shopify:naadam.co:7519922421856,closure,0.8,2,pullover,labeled
shopify:naadam.co:7519922421856,pattern,0.8,2,graphic,labeled
shopify:naadam.co:7529002532960,occasion,0.8,2,,unknown
shopify:naadam.co:7634686476384,closure,0.8,2,pullover,labeled
shopify:naadam.co:7634686476384,pattern,0.8,2,,unknown
shopify:naadam.co:7696137453664,garment_length,0.8,2,,unknown
shopify:naadam.co:7721034481760,closure,0.8,2,,unknown
shopify:naadam.co:7721034481760,colour_primary,0.8,2,,unknown
shopify:naadam.co:7721034481760,occasion,0.8,2,,unknown
shopify:www.allbirds.com:6643980075088,closure,0.8,2,,not_applicable
shopify:www.allbirds.com:6643980075088,fit,0.8,2,,unknown
shopify:www.allbirds.com:6643980075088,material,0.8,2,,unknown
shopify:www.allbirds.com:6822714867792,material,0.8,2,,unknown
shopify:www.allbirds.com:6859425120336,sleeve_length,0.8,2,,unknown
shopify:www.allbirds.com:7010120368208,fit,0.8,2,,not_applicable
shopify:www.allbirds.com:7082681008208,closure,0.8,2,,unknown
shopify:www.allbirds.com:7082681008208,details,0.8,2,,not_applicable
shopify:www.allbirds.com:7082683039824,closure,0.8,2,,unknown
shopify:www.allbirds.com:7082683039824,fit,0.8,2,,not_applicable
shopify:www.allbirds.com:7082683039824,material,0.8,2,,unknown
shopify:www.allbirds.com:7188364329040,occasion,0.8,2,casual,labeled
shopify:www.allbirds.com:7188364329040,pattern,0.8,2,,not_applicable
shopify:www.allbirds.com:7188364361808,closure,0.8,2,,not_applicable
shopify:www.allbirds.com:7188364361808,colour_primary,0.8,2,white,labeled
shopify:www.allbirds.com:7188364361808,fit,0.8,2,,not_applicable
shopify:www.allbirds.com:7188364361808,material,0.8,2,,not_applicable
shopify:www.allbirds.com:7193242992720,details,0.8,2,,unknown
shopify:www.allbirds.com:7193763905616,collar_type,0.8,2,,not_applicable
shopify:www.allbirds.com:7193763905616,fit,0.8,2,,unknown
shopify:www.allbirds.com:7199672238160,closure,0.8,2,,not_applicable
shopify:www.allbirds.com:7199672238160,colour_primary,0.8,2,white,labeled
shopify:www.allbirds.com:7199672238160,fit,0.8,2,,not_applicable
shopify:www.allbirds.com:7205194924112,details,0.8,2,,not_applicable
shopify:www.allbirds.com:7205194924112,fit,0.8,2,,not_applicable
shopify:www.allbirds.com:7215631466576,closure,0.8,2,,unknown
shopify:www.allbirds.com:7215631466576,fit,0.8,2,,not_applicable
shopify:www.allbirds.com:7292464955472,details,0.8,2,,unknown
shopify:www.allbirds.com:7292464955472,fit,0.8,2,,not_applicable
shopify:www.allbirds.com:7292464955472,occasion,0.8,2,,unknown
shopify:www.american-giant.com:10182349127861,neckline,0.8,2,,unknown
shopify:www.american-giant.com:10182349127861,pattern,0.8,2,,unknown
shopify:www.american-giant.com:10251466014901,occasion,0.8,2,casual,labeled
shopify:www.american-giant.com:10251466014901,waistline,0.8,2,none,labeled
shopify:www.american-giant.com:10251480006837,pattern,0.8,2,,unknown
shopify:www.american-giant.com:10251480891573,waistline,0.8,2,,unknown
shopify:www.american-giant.com:10297735479477,details,0.8,2,,unknown
shopify:www.american-giant.com:10297735479477,neckline,0.8,2,,unknown
shopify:www.american-giant.com:10312474919093,colour_primary,0.8,2,,unknown
shopify:www.american-giant.com:10312474919093,pattern,0.8,2,,unknown
shopify:www.american-giant.com:10341502386357,closure,0.8,2,,unknown
shopify:www.american-giant.com:10341502386357,collar_type,0.8,2,,unknown
shopify:www.american-giant.com:10341502386357,colour_primary,0.8,2,,unknown
shopify:www.american-giant.com:10341502386357,details,0.8,2,,unknown
shopify:www.american-giant.com:10341502386357,sleeve_length,0.8,2,,unknown
shopify:www.american-giant.com:10341502582965,closure,0.8,2,pullover,labeled
shopify:www.american-giant.com:10341502582965,occasion,0.8,2,casual,labeled
shopify:www.american-giant.com:10341502582965,pattern,0.8,2,,unknown
shopify:www.american-giant.com:10341503107253,occasion,0.8,2,,unknown
shopify:www.american-giant.com:10341503107253,waistline,0.8,2,,unknown
shopify:www.american-giant.com:10341503434933,closure,0.8,2,,unknown
shopify:www.american-giant.com:10341503434933,colour_primary,0.8,2,,unknown
shopify:www.american-giant.com:10362935935157,closure,0.8,2,pullover,labeled
shopify:www.american-giant.com:10362935935157,collar_type,0.8,2,,unknown
shopify:www.american-giant.com:10362935935157,occasion,0.8,2,casual,labeled
shopify:www.american-giant.com:10362936918197,collar_type,0.8,2,,unknown
shopify:www.american-giant.com:10362936918197,details,0.8,2,,unknown
shopify:www.american-giant.com:10362936918197,occasion,0.8,2,,unknown
shopify:www.american-giant.com:10362936918197,pattern,0.8,2,,unknown
shopify:www.american-giant.com:10362937737397,garment_category,0.8,2,top,labeled
shopify:www.american-giant.com:10362937737397,neckline,0.8,2,,unknown
shopify:www.american-giant.com:10362937737397,occasion,0.8,2,,unknown
shopify:www.american-giant.com:10390733095093,details,0.8,2,,unknown
shopify:www.american-giant.com:10414088716469,closure,0.8,2,,unknown
shopify:www.american-giant.com:10414088716469,collar_type,0.8,2,none,labeled
shopify:www.american-giant.com:10414088716469,details,0.8,2,,unknown
shopify:www.american-giant.com:10414088716469,silhouette,0.8,2,,unknown
shopify:www.american-giant.com:10470705594549,closure,0.8,2,,unknown
shopify:www.american-giant.com:10470705594549,collar_type,0.8,2,,unknown
shopify:www.american-giant.com:10470705594549,details,0.8,2,,unknown
shopify:www.american-giant.com:10470705594549,material,0.8,2,,unknown
shopify:www.american-giant.com:10470705594549,occasion,0.8,2,,unknown
shopify:www.american-giant.com:10470705594549,pattern,0.8,2,,unknown
shopify:www.american-giant.com:10470705594549,sleeve_style,0.8,2,,unknown
shopify:www.american-giant.com:6278685950133,occasion,0.8,2,casual,labeled
shopify:www.american-giant.com:6732639764661,sleeve_style,0.8,2,,unknown
shopify:www.american-giant.com:7135736496309,fit,0.8,2,tight,labeled
shopify:www.american-giant.com:7135736496309,pattern,0.8,2,solid,labeled
shopify:www.american-giant.com:7135738167477,pattern,0.8,2,solid,labeled
shopify:www.american-giant.com:7135738167477,silhouette,0.8,2,straight,labeled
shopify:www.american-giant.com:7135738167477,waistline,0.8,2,none,labeled
shopify:www.american-giant.com:7393077395637,pattern,0.8,2,,unknown
shopify:www.american-giant.com:7393078870197,occasion,0.8,2,casual,labeled
shopify:www.american-giant.com:7478547382453,closure,0.8,2,pullover,labeled
shopify:www.american-giant.com:7478547382453,pattern,0.8,2,,unknown
shopify:www.american-giant.com:7478547382453,silhouette,0.8,2,,unknown
shopify:www.american-giant.com:7478547382453,sleeve_style,0.8,2,,unknown
shopify:www.american-giant.com:7482388938933,pattern,0.8,2,,unknown
shopify:www.american-giant.com:7482388938933,sleeve_style,0.8,2,,unknown
shopify:www.american-giant.com:7653235884213,details,0.8,2,,unknown
shopify:www.american-giant.com:7653235884213,neckline,0.8,2,,unknown
shopify:www.american-giant.com:7653235884213,silhouette,0.8,2,,unknown
shopify:www.american-giant.com:7653236211893,details,0.8,2,,unknown
shopify:www.american-giant.com:7653236211893,material,0.8,2,,unknown
shopify:www.american-giant.com:7653236211893,occasion,0.8,2,casual,labeled
shopify:www.american-giant.com:7881986408629,colour_primary,0.8,2,,unknown
shopify:www.american-giant.com:7881986408629,details,0.8,2,,unknown
shopify:www.american-giant.com:7954882953397,collar_type,0.8,2,none,labeled
shopify:www.american-giant.com:7954884821173,pattern,0.8,2,,unknown
shopify:www.everlane.com:7784906686550,garment_length,0.8,2,,unknown
shopify:www.everlane.com:7784906686550,pattern,0.8,2,,unknown
shopify:www.everlane.com:7784906686550,silhouette,0.8,2,,unknown
shopify:www.everlane.com:7784910323798,details,0.8,2,"[""none""]",labeled
shopify:www.everlane.com:7784910323798,pattern,0.8,2,,unknown
shopify:www.everlane.com:7784910323798,sleeve_length,0.8,2,sleeveless,labeled
shopify:www.everlane.com:7784910323798,sleeve_style,0.8,2,,unknown
shopify:www.everlane.com:7790982398038,pattern,0.8,2,,unknown
shopify:www.everlane.com:7790982398038,waistline,0.8,2,none,labeled
shopify:www.everlane.com:7790982496342,silhouette,0.8,2,straight,labeled
shopify:www.everlane.com:7790982496342,sleeve_length,0.8,2,short,labeled
shopify:www.everlane.com:7790982496342,waistline,0.8,2,,not_applicable
shopify:www.everlane.com:7790982529110,garment_length,0.8,2,,unknown
shopify:www.everlane.com:7790982529110,pattern,0.8,2,,unknown
shopify:www.everlane.com:7825077698646,pattern,0.8,2,solid,labeled
shopify:www.everlane.com:7827412582486,pattern,0.8,2,,unknown
shopify:www.everlane.com:7827412582486,silhouette,0.8,2,,unknown
shopify:www.everlane.com:7827412582486,sleeve_style,0.8,2,,unknown
shopify:www.everlane.com:7827422609494,collar_type,0.8,2,none,labeled
shopify:www.everlane.com:7827422609494,pattern,0.8,2,,unknown
shopify:www.everlane.com:7827422609494,sleeve_length,0.8,2,short,labeled
shopify:www.everlane.com:7827422609494,sleeve_style,0.8,2,,unknown
shopify:www.everlane.com:7827422773334,closure,0.8,2,pullover,labeled
shopify:www.everlane.com:7827422773334,collar_type,0.8,2,none,labeled
shopify:www.everlane.com:7827422773334,details,0.8,2,"[""none""]",labeled
shopify:www.everlane.com:7827422773334,sleeve_style,0.8,2,,unknown
shopify:www.everlane.com:7827422773334,waistline,0.8,2,none,labeled
shopify:www.everlane.com:7827422871638,sleeve_style,0.8,2,,unknown
shopify:www.everlane.com:7827422871638,waistline,0.8,2,none,labeled
shopify:www.everlane.com:7827422904406,details,0.8,2,,unknown
shopify:www.everlane.com:7827422904406,waistline,0.8,2,none,labeled
shopify:www.everlane.com:7830716547158,pattern,0.8,2,,unknown
shopify:www.everlane.com:7830716645462,waistline,0.8,2,none,labeled
shopify:www.everlane.com:7830716678230,collar_type,0.8,2,none,labeled
shopify:www.everlane.com:7830716678230,details,0.8,2,,unknown
shopify:www.everlane.com:7830716678230,occasion,0.8,2,casual,labeled
shopify:www.everlane.com:7830716678230,silhouette,0.8,2,,unknown
shopify:www.everlane.com:7841450819670,closure,0.8,2,fly,labeled
shopify:www.everlane.com:7841450819670,details,0.8,2,,unknown
shopify:www.everlane.com:7841450819670,garment_length,0.8,2,,unknown
shopify:www.everlane.com:7841450852438,closure,0.8,2,fly,labeled
shopify:www.everlane.com:7841450852438,occasion,0.8,2,casual,labeled
shopify:www.everlane.com:7841451704406,occasion,0.8,2,casual,labeled
shopify:www.everlane.com:7841850622038,garment_category,0.8,2,sweater,labeled
shopify:www.everlane.com:7841850622038,silhouette,0.8,2,,unknown
shopify:www.everlane.com:7841850622038,sleeve_length,0.8,2,long,labeled
shopify:www.everlane.com:7841850622038,waistline,0.8,2,,unknown
shopify:www.everlane.com:7841851211862,fit,0.8,2,loose,labeled
shopify:www.everlane.com:7849644294230,fit,0.8,2,,unknown
shopify:www.everlane.com:7849644294230,pattern,0.8,2,,unknown
shopify:www.everlane.com:7854695415894,details,0.8,2,,unknown
shopify:www.everlane.com:7855408185430,occasion,0.8,2,casual,labeled
shopify:www.everlane.com:7859022495830,details,0.8,2,,unknown
shopify:www.everlane.com:7859022495830,occasion,0.8,2,,unknown
shopify:www.everlane.com:7876792418390,occasion,0.8,2,casual,labeled
shopify:www.girlfriend.com:7706050363455,colour_primary,0.8,2,pink,labeled
shopify:www.girlfriend.com:7706050363455,pattern,0.8,2,,unknown
shopify:www.marinelayer.com:7706072318026,garment_length,0.8,2,,unknown
shopify:www.marinelayer.com:8016250339402,sleeve_length,0.8,2,sleeveless,labeled
shopify:www.marinelayer.com:8016251617354,waistline,0.8,2,,unknown
shopify:www.marinelayer.com:8016253255754,sleeve_length,0.8,2,,unknown
shopify:www.marinelayer.com:8016253255754,sleeve_style,0.8,2,,unknown
shopify:www.marinelayer.com:8016253780042,collar_type,0.8,2,,unknown
shopify:www.marinelayer.com:8084567130186,waistline,0.8,2,,unknown
shopify:www.marinelayer.com:8084567294026,garment_category,0.8,2,sweater,labeled
shopify:www.marinelayer.com:8084567818314,closure,0.8,2,,unknown
shopify:www.marinelayer.com:8084567818314,details,0.8,2,,unknown
shopify:www.marinelayer.com:8084569620554,collar_type,0.8,2,none,labeled
shopify:www.marinelayer.com:8084569620554,waistline,0.8,2,,unknown
shopify:www.marinelayer.com:8084572864586,pattern,0.8,2,,unknown
shopify:www.marinelayer.com:8084574273610,details,0.8,2,,unknown
shopify:www.marinelayer.com:8084577026122,waistline,0.8,2,none,labeled
shopify:www.marinelayer.com:8084580696138,garment_length,0.8,2,,unknown
shopify:www.marinelayer.com:8110969716810,details,0.8,2,,unknown
shopify:www.marinelayer.com:8110969716810,material,0.8,2,,unknown
shopify:www.marinelayer.com:8110969716810,pattern,0.8,2,,unknown
shopify:www.marinelayer.com:8119891525706,details,0.8,2,,unknown
shopify:www.marinelayer.com:8119891525706,waistline,0.8,2,,not_applicable
shopify:www.marinelayer.com:8175109341258,collar_type,0.8,2,shirt,labeled
shopify:www.marinelayer.com:8175112552522,details,0.8,2,,unknown
shopify:www.marinelayer.com:8175112618058,closure,0.8,2,,unknown
shopify:www.marinelayer.com:8175112912970,closure,0.8,2,,unknown
shopify:www.marinelayer.com:8175114223690,details,0.8,2,,unknown
shopify:www.marinelayer.com:8175117729866,details,0.8,2,,unknown
shopify:www.marinelayer.com:8192795443274,closure,0.8,2,,unknown
shopify:www.marinelayer.com:8192795443274,details,0.8,2,,unknown
shopify:www.marinelayer.com:8192795443274,garment_category,0.8,2,sweater,labeled
shopify:www.outdoorvoices.com:7585332625486,pattern,0.8,2,,unknown
shopify:www.outdoorvoices.com:7585337442382,occasion,0.8,2,casual,labeled
shopify:www.outdoorvoices.com:7585342488654,closure,0.8,2,,unknown
shopify:www.outdoorvoices.com:7585342488654,sleeve_length,0.8,2,,unknown
shopify:www.outdoorvoices.com:7585343406158,details,0.8,2,,unknown
shopify:www.outdoorvoices.com:7585353400398,details,0.8,2,,unknown
shopify:www.outdoorvoices.com:7656493187150,details,0.8,2,,unknown
shopify:www.outdoorvoices.com:7769237389390,collar_type,0.8,2,none,labeled
shopify:www.outdoorvoices.com:7769237389390,details,0.8,2,"[""studded""]",labeled
shopify:www.outdoorvoices.com:7769237389390,waistline,0.8,2,none,labeled
shopify:www.outdoorvoices.com:7884854034510,details,0.8,2,,unknown
shopify:www.outdoorvoices.com:7884854034510,pattern,0.8,2,,unknown
shopify:www.rothys.com:6819501965406,colour_primary,0.8,2,multicolour,labeled
shopify:www.rothys.com:6876598141022,pattern,0.8,2,,unknown
shopify:www.rothys.com:7168895287390,details,0.8,2,"[""none""]",labeled
shopify:www.rothys.com:7168895287390,material,0.8,2,,unknown
shopify:www.rothys.com:7168895287390,occasion,0.8,2,,unknown
shopify:www.rothys.com:7271457980510,details,0.8,2,,unknown
shopify:www.rothys.com:7300048060510,details,0.8,2,,unknown
shopify:www.rothys.com:7307304042590,material,0.8,2,,unknown
shopify:www.rothys.com:7307304042590,occasion,0.8,2,,not_applicable
shopify:www.rothys.com:7307304042590,pattern,0.8,2,,not_applicable
shopify:www.rothys.com:7374031093854,fit,0.8,2,,unknown
shopify:www.rothys.com:7374031093854,pattern,0.8,2,,unknown
shopify:www.rothys.com:7494902841438,details,0.8,2,,unknown
shopify:www.rothys.com:7568894099550,details,0.8,2,"[""none""]",labeled
shopify:www.rothys.com:7568894099550,pattern,0.8,2,solid,labeled
shopify:www.rothys.com:7575209934942,occasion,0.8,2,,unknown
shopify:www.rothys.com:7598877933662,occasion,0.8,2,,unknown
shopify:www.rothys.com:7616295895134,material,0.8,2,,unknown
shopify:www.rothys.com:7636126072926,closure,0.8,2,,not_applicable
shopify:www.rothys.com:7636126072926,occasion,0.8,2,,unknown
shopify:www.taylorstitch.com:6886866288717,silhouette,0.8,2,,unknown
shopify:www.taylorstitch.com:6990338359373,closure,0.8,2,single_breasted,labeled
shopify:www.taylorstitch.com:7115849891917,occasion,0.8,2,casual,labeled
shopify:www.taylorstitch.com:7115849891917,pattern,0.8,2,solid,labeled
shopify:www.taylorstitch.com:7115849891917,sleeve_length,0.8,2,,unknown
shopify:www.taylorstitch.com:7115852972109,occasion,0.8,2,casual,labeled
shopify:www.taylorstitch.com:7115852972109,pattern,0.8,2,,unknown
shopify:www.taylorstitch.com:7115852972109,sleeve_length,0.8,2,,unknown
shopify:www.taylorstitch.com:7115852972109,sleeve_style,0.8,2,,unknown
shopify:www.taylorstitch.com:7355708899405,closure,0.8,2,,unknown
shopify:www.taylorstitch.com:7355708899405,collar_type,0.8,2,,unknown
shopify:www.taylorstitch.com:7355708899405,garment_length,0.8,2,,unknown
shopify:www.taylorstitch.com:7355708899405,occasion,0.8,2,,unknown
shopify:www.taylorstitch.com:7355708899405,silhouette,0.8,2,,unknown
shopify:www.taylorstitch.com:7355708899405,sleeve_style,0.8,2,,unknown
shopify:www.taylorstitch.com:7355709980749,details,0.8,2,"[""none""]",labeled
shopify:www.taylorstitch.com:7355709980749,garment_length,0.8,2,hip,labeled
shopify:www.taylorstitch.com:7355709980749,occasion,0.8,2,casual,labeled
shopify:www.taylorstitch.com:7355709980749,pattern,0.8,2,solid,labeled
shopify:www.taylorstitch.com:7355709980749,sleeve_style,0.8,2,set_in,labeled
shopify:www.taylorstitch.com:7355710505037,occasion,0.8,2,casual,labeled
shopify:www.taylorstitch.com:7355710505037,silhouette,0.8,2,,unknown
shopify:www.taylorstitch.com:7454611013709,collar_type,0.8,2,,unknown
shopify:www.taylorstitch.com:7454611013709,garment_length,0.8,2,,unknown
shopify:www.taylorstitch.com:7454611013709,occasion,0.8,2,,unknown
shopify:www.taylorstitch.com:7454611013709,silhouette,0.8,2,,unknown
shopify:www.taylorstitch.com:7454611013709,sleeve_length,0.8,2,,unknown
shopify:www.taylorstitch.com:7454611013709,sleeve_style,0.8,2,,unknown
shopify:www.taylorstitch.com:7454612258893,closure,0.8,2,,unknown
shopify:www.taylorstitch.com:7454613241933,neckline,0.8,2,,unknown
shopify:www.taylorstitch.com:7454613798989,sleeve_style,0.8,2,,unknown
shopify:www.taylorstitch.com:7523414900813,pattern,0.8,2,,unknown
shopify:www.taylorstitch.com:7523415916621,closure,0.8,2,pullover,labeled
shopify:www.taylorstitch.com:7523415916621,details,0.8,2,"[""washed"", ""lined""]",labeled
shopify:www.taylorstitch.com:7523415916621,garment_length,0.8,2,,unknown
shopify:www.taylorstitch.com:7523415916621,sleeve_style,0.8,2,,unknown
shopify:www.taylorstitch.com:7523415916621,waistline,0.8,2,none,labeled
shopify:www.taylorstitch.com:7524263166029,details,0.8,2,,unknown
shopify:www.taylorstitch.com:7579180630093,details,0.8,2,"[""washed""]",labeled
shopify:www.taylorstitch.com:7579180630093,garment_length,0.8,2,,unknown
shopify:www.taylorstitch.com:7579180630093,neckline,0.8,2,,unknown
shopify:www.taylorstitch.com:7579180630093,occasion,0.8,2,casual,labeled
shopify:www.taylorstitch.com:7579180630093,silhouette,0.8,2,,unknown
shopify:www.taylorstitch.com:7579180630093,waistline,0.8,2,none,labeled
shopify:www.taylorstitch.com:7579180793933,material,0.8,2,,unknown
shopify:www.taylorstitch.com:7579180793933,occasion,0.8,2,,unknown
shopify:www.taylorstitch.com:7579183251533,garment_length,0.8,2,,unknown
shopify:www.taylorstitch.com:7579183251533,neckline,0.8,2,,unknown
shopify:www.taylorstitch.com:7579183251533,pattern,0.8,2,solid,labeled
shopify:www.taylorstitch.com:7579184889933,closure,0.8,2,pullover,labeled
shopify:www.taylorstitch.com:7579184889933,occasion,0.8,2,,unknown
shopify:www.taylorstitch.com:7579256258637,colour_primary,0.8,2,blue,labeled
shopify:www.taylorstitch.com:7579256258637,occasion,0.8,2,,unknown
shopify:www.taylorstitch.com:7579256258637,pattern,0.8,2,,unknown
shopify:www.taylorstitch.com:7596326092877,closure,0.8,2,pullover,labeled
shopify:www.taylorstitch.com:7596326092877,occasion,0.8,2,casual,labeled
shopify:www.taylorstitch.com:7596326092877,waistline,0.8,2,none,labeled
shopify:www.taylorstitch.com:7645558538317,closure,0.8,2,pullover,labeled
shopify:www.taylorstitch.com:7645558538317,silhouette,0.8,2,,unknown
shopify:www.tentree.com:8086637215930,details,0.8,2,,unknown
shopify:www.tentree.com:8106125557946,details,0.8,2,"[""none""]",labeled
shopify:www.tentree.com:8106125557946,sleeve_style,0.8,2,,unknown
shopify:www.tentree.com:8143546286266,closure,0.8,2,,unknown
shopify:www.tentree.com:8143546286266,material,0.8,2,cotton,labeled
shopify:www.tentree.com:8143564112058,collar_type,0.8,2,none,labeled
shopify:www.tentree.com:8143564112058,material,0.8,2,cotton,labeled
shopify:www.tentree.com:8143564112058,occasion,0.8,2,casual,labeled
shopify:www.tentree.com:8143564112058,waistline,0.8,2,,not_applicable
shopify:www.tentree.com:8216161550522,closure,0.8,2,,unknown
shopify:www.tentree.com:8216161550522,material,0.8,2,cotton,labeled
shopify:www.tentree.com:8216161550522,occasion,0.8,2,casual,labeled
shopify:www.tentree.com:8216161550522,sleeve_style,0.8,2,,unknown
shopify:www.tentree.com:8216161550522,waistline,0.8,2,none,labeled
shopify:www.tentree.com:8322435875002,pattern,0.8,2,,unknown
shopify:www.tentree.com:8322451243194,details,0.8,2,,unknown
shopify:www.tentree.com:8322451243194,occasion,0.8,2,casual,labeled
shopify:www.tentree.com:8322451243194,sleeve_style,0.8,2,,unknown
shopify:www.tentree.com:8322453373114,details,0.8,2,,unknown
shopify:www.tentree.com:8322455830714,material,0.8,2,cotton,labeled
shopify:www.tentree.com:8322455830714,neckline,0.8,2,,unknown
shopify:www.tentree.com:8322455830714,waistline,0.8,2,,unknown
shopify:www.tentree.com:8360508686522,sleeve_style,0.8,2,,unknown
shopify:www.tentree.com:8360519368890,material,0.8,2,cotton,labeled
shopify:www.thursdayboots.com:4569912705114,pattern,0.8,2,,unknown
shopify:www.thursdayboots.com:6546548424794,details,0.8,2,"[""distressed"", ""lined"", ""studded""]",labeled
shopify:www.thursdayboots.com:6546548424794,occasion,0.8,2,,unknown
shopify:www.thursdayboots.com:6860805079130,closure,0.8,2,,unknown
shopify:www.thursdayboots.com:6860805079130,occasion,0.8,2,,unknown
shopify:www.thursdayboots.com:6860805079130,pattern,0.8,2,,not_applicable
shopify:www.thursdayboots.com:6880251281498,fit,0.8,2,tight,labeled
shopify:www.thursdayboots.com:6880251281498,garment_length,0.8,2,,unknown
shopify:www.thursdayboots.com:6880251281498,occasion,0.8,2,casual,labeled
shopify:www.thursdayboots.com:6880251281498,silhouette,0.8,2,,unknown
shopify:www.thursdayboots.com:6896642195546,fit,0.8,2,,not_applicable
shopify:www.thursdayboots.com:6896642195546,pattern,0.8,2,,unknown
shopify:www.thursdayboots.com:7015798014042,fit,0.8,2,,not_applicable
shopify:www.thursdayboots.com:7015798014042,pattern,0.8,2,,unknown
shopify:www.thursdayboots.com:7035445182554,neckline,0.8,2,,unknown
shopify:www.thursdayboots.com:7303124058202,colour_primary,0.8,2,,unknown
shopify:www.thursdayboots.com:7305610887258,occasion,0.8,2,,unknown
shopify:www.thursdayboots.com:7312242770010,fit,0.8,2,,not_applicable
shopify:www.thursdayboots.com:7312242770010,occasion,0.8,2,,not_applicable
shopify:www.thursdayboots.com:7312242770010,pattern,0.8,2,,not_applicable
shopify:www.thursdayboots.com:7312382230618,garment_length,0.8,2,,unknown
shopify:www.thursdayboots.com:7312382230618,occasion,0.8,2,casual,labeled
shopify:www.thursdayboots.com:7312382230618,pattern,0.8,2,,unknown
shopify:www.thursdayboots.com:7312382230618,sleeve_length,0.8,2,long,labeled
shopify:www.thursdayboots.com:7331567796314,pattern,0.8,2,,not_applicable
shopify:www.thursdayboots.com:7331568418906,closure,0.8,2,,unknown
shopify:www.thursdayboots.com:7331568418906,occasion,0.8,2,,unknown
shopify:www.thursdayboots.com:7333868142682,colour_primary,0.8,2,beige,labeled
shopify:www.thursdayboots.com:7333868142682,occasion,0.8,2,,unknown
shopify:www.thursdayboots.com:7361763147866,closure,0.8,2,,unknown
shopify:www.thursdayboots.com:7361763147866,sleeve_length,0.8,2,long,labeled
shopify:www.thursdayboots.com:7361763147866,sleeve_style,0.8,2,,unknown
shopify:www.thursdayboots.com:7371077156954,details,0.8,2,"[""washed""]",labeled
shopify:www.thursdayboots.com:7371077156954,garment_length,0.8,2,,unknown
shopify:www.thursdayboots.com:7371077156954,silhouette,0.8,2,,unknown
shopify:www.thursdayboots.com:7373703446618,fit,0.8,2,,not_applicable
shopify:www.thursdayboots.com:7386239631450,fit,0.8,2,,not_applicable
shopify:www.thursdayboots.com:7400100659290,closure,0.8,2,,unknown
shopify:www.thursdayboots.com:7416813387866,collar_type,0.8,2,,not_applicable
shopify:www.thursdayboots.com:7416813387866,occasion,0.8,2,,unknown
shopify:www.thursdayboots.com:7437786218586,details,0.8,2,"[""lined""]",labeled
shopify:www.thursdayboots.com:7437786218586,fit,0.8,2,,not_applicable
shopify:www.thursdayboots.com:7437786218586,pattern,0.8,2,,not_applicable
shopify:www.thursdayboots.com:7498354950234,colour_primary,0.8,2,,unknown
shopify:www.thursdayboots.com:7498354950234,pattern,0.8,2,,not_applicable
shopify:www.thursdayboots.com:7625825026138,garment_length,0.8,2,,unknown
shopify:www.thursdayboots.com:7625825026138,neckline,0.8,2,,unknown
shopify:www.thursdayboots.com:7625825026138,silhouette,0.8,2,,unknown
shopify:www.thursdayboots.com:7625825026138,sleeve_length,0.8,2,,unknown
shopify:www.thursdayboots.com:7625825026138,sleeve_style,0.8,2,,unknown
shopify:www.thursdayboots.com:7733079900250,neckline,0.8,2,,unknown
shopify:www.thursdayboots.com:7733079900250,pattern,0.8,2,,unknown
shopify:www.thursdayboots.com:7733079900250,waistline,0.8,2,,unknown
shopify:www.thursdayboots.com:7786486464602,fit,0.8,2,,not_applicable
shopify:www.thursdayboots.com:7786486464602,pattern,0.8,2,,unknown
shopify:www.thursdayboots.com:7803853701210,occasion,0.8,2,,unknown
shopify:www.thursdayboots.com:7803853701210,pattern,0.8,2,,unknown
shopify:www.thursdayboots.com:7848729804890,pattern,0.8,2,,unknown
shopify:www.thursdayboots.com:7858471731290,details,0.8,2,"[""lined""]",labeled
shopify:www.untuckit.com:6878412570702,details,0.8,2,,unknown
shopify:www.untuckit.com:6878412570702,neckline,0.8,2,,unknown
shopify:www.untuckit.com:6878412570702,sleeve_length,0.8,2,,unknown
shopify:www.untuckit.com:7527093960782,closure,0.8,2,single_breasted,labeled
shopify:www.untuckit.com:7628200706126,collar_type,0.8,2,none,labeled
shopify:www.untuckit.com:7628200706126,details,0.8,2,,unknown
shopify:www.untuckit.com:7670058877006,colour_primary,0.8,2,blue,labeled
shopify:www.untuckit.com:7670058877006,sleeve_length,0.8,2,,unknown
shopify:www.untuckit.com:7670058877006,sleeve_style,0.8,2,,unknown
shopify:www.untuckit.com:7713738915918,details,0.8,2,,unknown
shopify:www.untuckit.com:7713738915918,garment_length,0.8,2,,unknown
shopify:www.untuckit.com:7713738915918,neckline,0.8,2,,unknown
shopify:www.untuckit.com:7769571819598,closure,0.8,2,,unknown
shopify:www.untuckit.com:7787621318734,collar_type,0.8,2,,unknown
shopify:www.untuckit.com:7787621318734,waistline,0.8,2,,unknown
shopify:www.untuckit.com:7828360429646,colour_primary,0.8,2,blue,labeled
shopify:www.untuckit.com:7828360429646,details,0.8,2,,unknown
shopify:www.untuckit.com:7828360429646,occasion,0.8,2,,unknown
shopify:www.untuckit.com:7828360429646,waistline,0.8,2,,not_applicable
shopify:www.untuckit.com:7828360527950,waistline,0.8,2,,not_applicable
shopify:www.untuckit.com:7861509317,details,0.8,2,,unknown
shopify:www.untuckit.com:7861509509,details,0.8,2,,unknown
